"agency","site_no","Date","month","HydrologicEvent","SampleFraction","Nitrate","Mixed_N","TP","Temperature","Turbidity"
"21NC01WQ","J1270000",1976-10-04,"Oct",NA," ",NA,NA,NA,39.8,NA
"21NC01WQ","J1270000",1976-10-07,"Oct",NA," ",NA,NA,NA,46.8,NA
"21NC01WQ","J1270000",1976-10-11,"Oct",NA," ",NA,NA,NA,34.2,NA
"21NC01WQ","J1270000",1976-10-14,"Oct",NA," ",NA,NA,NA,34.5,NA
"21NC01WQ","J1270000",1976-10-18,"Oct",NA," ",NA,NA,NA,29.3,NA
"21NC01WQ","J1270000",1976-10-21,"Oct",NA," ",NA,NA,NA,32.5,NA
"21NC01WQ","J1270000",1976-10-25,"Oct",NA," ",NA,NA,NA,35.6,NA
"21NC01WQ","J1270000",1976-10-28,"Oct",NA," ",NA,NA,NA,25.8,NA
"21NC01WQ","J1270000",1976-11-01,"Nov",NA," ",NA,NA,NA,30,NA
"21NC01WQ","J1270000",1976-11-04,"Nov",NA," ",NA,NA,NA,30,NA
"21NC01WQ","J1270000",1976-11-08,"Nov",NA," ",NA,NA,NA,24.4,NA
"21NC01WQ","J1270000",1976-11-11,"Nov",NA," ",NA,NA,NA,25.8,NA
"21NC01WQ","J1270000",1976-11-15,"Nov",NA," ",NA,NA,NA,24.4,NA
"21NC01WQ","J1270000",1976-11-18,"Nov",NA," ",NA,NA,NA,24.4,NA
"21NC01WQ","J1270000",1976-11-22,"Nov",NA," ",NA,NA,NA,24.4,NA
"21NC01WQ","J1270000",1976-11-26,"Nov",NA," ",NA,NA,NA,27.05,NA
"21NC01WQ","J1270000",1976-11-29,"Nov",NA," ",NA,NA,NA,35.9,NA
"21NC01WQ","J1270000",1976-12-02,"Dec",NA," ",NA,NA,NA,23.3,NA
"21NC01WQ","J1270000",1976-12-06,"Dec",NA," ",NA,NA,NA,22.15,NA
"21NC01WQ","J1270000",1976-12-07,"Dec",NA," ",NA,NA,NA,29.3,NA
"21NC01WQ","J1270000",1976-12-09,"Dec",NA," ",NA,NA,NA,20.2,NA
"21NC01WQ","J1270000",1976-12-13,"Dec",NA," ",NA,NA,NA,28.3,NA
"21NC01WQ","J1270000",1976-12-15,"Dec",NA," ",NA,NA,NA,24.95,NA
"21NC01WQ","J1270000",1976-12-16,"Dec",NA," ",NA,NA,NA,28.6,NA
"21NC01WQ","J1270000",1976-12-20,"Dec",NA," ",NA,NA,NA,28.6,NA
"21NC01WQ","J1270000",1976-12-27,"Dec",NA," ",NA,NA,NA,18.8,NA
"21NC01WQ","J1270000",1976-12-30,"Dec",NA," ",NA,NA,NA,17.4,NA
"21NC01WQ","J1270000",1977-01-03,"Jan",NA," ",NA,NA,NA,20.2,NA
"21NC01WQ","J1270000",1977-01-06,"Jan",NA," ",NA,NA,NA,20.2,NA
"21NC01WQ","J1270000",1977-01-07,"Jan",NA," ",NA,NA,NA,17.4,NA
"21NC01WQ","J1270000",1977-01-10,"Jan",NA," ",NA,NA,NA,20.9,NA
"21NC01WQ","J1270000",1977-01-13,"Jan",NA," ",NA,NA,NA,16,NA
"21NC01WQ","J1270000",1977-01-18,"Jan",NA," ",NA,NA,NA,16,NA
"21NC01WQ","J1270000",1977-01-20,"Jan",NA," ",NA,NA,NA,16,NA
"21NC01WQ","J1270000",1977-01-24,"Jan",NA," ",NA,NA,NA,16,NA
"21NC01WQ","J1270000",1977-01-27,"Jan",NA," ",NA,NA,NA,20.2,NA
"21NC01WQ","J1270000",1977-01-31,"Jan",NA," ",NA,NA,NA,16,NA
"21NC01WQ","J1270000",1977-02-03,"Feb",NA," ",NA,NA,NA,17.4,NA
"21NC01WQ","J1270000",1977-02-08,"Feb",NA," ",NA,NA,NA,16.7,NA
"21NC01WQ","J1270000",1977-02-10,"Feb",NA," ",NA,NA,NA,23,NA
"21NC01WQ","J1270000",1977-02-15,"Feb",NA," ",NA,NA,NA,23,NA
"21NC01WQ","J1270000",1977-02-17,"Feb",NA," ",NA,NA,NA,17.4,NA
"21NC01WQ","J1270000",1977-02-22,"Feb",NA," ",NA,NA,NA,21.6,NA
"21NC01WQ","J1270000",1977-02-24,"Feb",NA," ",NA,NA,NA,31.4,NA
"21NC01WQ","J1270000",1977-03-01,"Mar",NA," ",NA,NA,NA,24.4,NA
"21NC01WQ","J1270000",1977-03-03,"Mar",NA," ",NA,NA,NA,31.4,NA
"21NC01WQ","J1270000",1977-03-07,"Mar",NA," ",NA,NA,NA,28.6,NA
"21NC01WQ","J1270000",1977-03-10,"Mar",NA," ",NA,NA,NA,31.4,NA
"21NC01WQ","J1270000",1977-03-14,"Mar",NA," ",NA,NA,NA,35.6,NA
"21NC01WQ","J1270000",1977-03-17,"Mar",NA," ",NA,NA,NA,31.4,NA
"21NC01WQ","J1270000",1977-03-21,"Mar",NA," ",NA,NA,NA,31.4,NA
"21NC01WQ","J1270000",1977-03-24,"Mar",NA," ",NA,NA,NA,32.8,NA
"21NC01WQ","J1270000",1977-03-28,"Mar",NA," ",NA,NA,NA,37,NA
"21NC01WQ","J1270000",1977-03-31,"Mar",NA," ",NA,NA,NA,38.4,NA
"21NC01WQ","J1270000",1977-04-04,"Apr",NA," ",NA,NA,NA,37,NA
"21NC01WQ","J1270000",1977-04-07,"Apr",NA," ",NA,NA,NA,30,NA
"21NC01WQ","J1270000",1977-04-12,"Apr",NA," ",NA,NA,NA,39.8,NA
"21NC01WQ","J1270000",1977-04-14,"Apr",NA," ",NA,NA,NA,41.2,NA
"21NC01WQ","J1270000",1977-04-18,"Apr",NA," ",NA,NA,NA,39.8,NA
"21NC01WQ","J1270000",1977-04-21,"Apr",NA," ",NA,NA,NA,43.3,NA
"21NC01WQ","J1270000",1977-04-25,"Apr",NA," ",NA,NA,NA,39.8,NA
"21NC01WQ","J1270000",1977-04-28,"Apr",NA," ",NA,NA,NA,37,NA
"21NC01WQ","J1270000",1977-05-02,"May",NA," ",NA,NA,NA,39.8,NA
"21NC01WQ","J1270000",1977-05-05,"May",NA," ",NA,NA,NA,42.6,NA
"21NC01WQ","J1270000",1977-05-09,"May",NA," ",NA,NA,NA,37,NA
"21NC01WQ","J1270000",1977-05-12,"May",NA," ",NA,NA,NA,34.2,NA
"21NC01WQ","J1270000",1977-05-16,"May",NA," ",NA,NA,NA,40.5,NA
"21NC01WQ","J1270000",1977-05-19,"May",NA," ",NA,NA,NA,45.4,NA
"21NC01WQ","J1270000",1977-05-23,"May",NA," ",NA,NA,NA,46.8,NA
"21NC01WQ","J1270000",1977-05-31,"May",NA," ",NA,NA,NA,48.2,NA
"21NC01WQ","J1270000",1977-06-02,"Jun",NA," ",NA,NA,NA,46.8,NA
"21NC01WQ","J1270000",1977-06-06,"Jun",NA," ",NA,NA,NA,46.8,NA
"21NC01WQ","J1270000",1977-06-09,"Jun",NA," ",NA,NA,NA,44,NA
"21NC01WQ","J1270000",1977-06-13,"Jun",NA," ",NA,NA,NA,47.5,NA
"21NC01WQ","J1270000",1977-06-20,"Jun",NA," ",NA,NA,NA,49.6,NA
"21NC01WQ","J1270000",1977-07-07,"Jul",NA," ",NA,NA,NA,53.1,NA
"21NC01WQ","J1270000",1977-08-18,"Aug",NA," ",NA,NA,NA,46.8,NA
"21NC01WQ","J1270000",1977-08-23,"Aug",NA," ",NA,NA,NA,48.9,NA
"21NC01WQ","J1270000",1977-08-25,"Aug",NA," ",NA,NA,NA,47.5,NA
"21NC01WQ","J1270000",1977-08-30,"Aug",NA," ",NA,NA,NA,49.6,NA
"21NC01WQ","J1270000",1977-09-06,"Sep",NA," ",NA,NA,NA,49.6,NA
"21NC01WQ","J1270000",1977-09-13,"Sep",NA," ",NA,NA,NA,42.6,NA
"21NC01WQ","J1270000",1977-09-15,"Sep",NA," ",NA,NA,NA,48.2,NA
"21NC01WQ","J1270000",1977-09-20,"Sep",NA," ",NA,NA,NA,49.6,NA
"21NC01WQ","J1270000",1977-09-22,"Sep",NA," ",NA,NA,NA,46.1,NA
"21NC01WQ","J1270000",1977-09-27,"Sep",NA," ",NA,NA,NA,48.9,NA
"21NC01WQ","J1270000",1977-09-29,"Sep",NA," ",NA,NA,NA,41.9,NA
"21NC01WQ","J1330000",1968-08-19,"Aug",NA," ",NA,NA,NA,59.4,NA
"21NC01WQ","J1330000",1968-08-28,"Aug",NA," ",NA,NA,NA,46.8,NA
"21NC01WQ","J1330000",1969-07-14,"Jul",NA," ",NA,NA,NA,51,NA
"21NC01WQ","J1330000",1969-08-21,"Aug",NA," ",NA,NA,NA,52.4,NA
"21NC01WQ","J1330000",1970-07-07,"Jul",NA," ",NA,NA,NA,51,NA
"21NC01WQ","J1330000",1970-08-31,"Aug",NA," ",NA,NA,NA,58,NA
"21NC01WQ","J1330000",1970-11-17,"Nov",NA," ",NA,NA,NA,37,NA
"21NC01WQ","J1330000",1970-11-17,"Nov",NA,"Total",NA,NA,NA,NA,45
"21NC01WQ","J1330000",1971-04-20,"Apr",NA," ",NA,NA,NA,46.8,NA
"21NC01WQ","J1330000",1971-06-28,"Jun",NA," ",NA,NA,NA,55.2,NA
"21NC01WQ","J1330000",1971-08-04,"Aug",NA," ",NA,NA,NA,59.4,NA
"21NC01WQ","J1330000",1971-09-08,"Sep",NA," ",NA,NA,NA,48.2,NA
"21NC01WQ","J1330000",1972-05-25,"May",NA," ",NA,NA,NA,42.6,NA
"21NC01WQ","J1330000",1972-07-24,"Jul",NA," ",NA,NA,NA,58,NA
"21NC01WQ","J1330000",1973-08-14,"Aug",NA," ",NA,NA,NA,55.2,NA
"21NC01WQ","J1330000",1974-02-28,"Feb",NA," ",NA,NA,NA,27.2,NA
"21NC01WQ","J1330000",1974-09-25,"Sep",NA," ",NA,NA,NA,42.6,NA
"21NC01WQ","J1330000",1974-10-08,"Oct",NA," ",NA,NA,NA,41.2,NA
"21NC01WQ","J1330000",1974-10-08,"Oct",NA,"Total",NA,NA,NA,NA,13
"21NC01WQ","J1330000",1974-11-05,"Nov",NA," ",NA,NA,NA,44.7,NA
"21NC01WQ","J1330000",1974-12-05,"Dec",NA," ",NA,NA,NA,28.6,NA
"21NC01WQ","J1330000",1974-12-05,"Dec",NA,"Total",NA,NA,NA,NA,27
"21NC01WQ","J1330000",1975-01-10,"Jan",NA," ",NA,NA,NA,27.2,NA
"21NC01WQ","J1330000",1975-01-10,"Jan",NA,"Total",NA,NA,NA,NA,38
"21NC01WQ","J1330000",1975-01-21,"Jan",NA," ",NA,NA,NA,23,NA
"21NC01WQ","J1330000",1975-02-05,"Feb",NA," ",NA,NA,NA,25.8,NA
"21NC01WQ","J1330000",1975-02-26,"Feb",NA," ",NA,NA,NA,32.8,NA
"21NC01WQ","J1330000",1975-03-06,"Mar",NA," ",NA,NA,NA,34.2,NA
"21NC01WQ","J1330000",1975-03-12,"Mar",NA," ",NA,NA,NA,31.4,NA
"21NC01WQ","J1330000",1975-03-17,"Mar",NA," ",NA,NA,NA,27.2,NA
"21NC01WQ","J1330000",1975-03-25,"Mar",NA," ",NA,NA,NA,37.7,NA
"21NC01WQ","J1330000",1975-04-07,"Apr",NA," ",NA,NA,NA,41.2,NA
"21NC01WQ","J1330000",1975-05-12,"May",NA," ",NA,NA,NA,45.4,NA
"21NC01WQ","J1330000",1975-08-25,"Aug",NA," ",NA,NA,NA,48.2,NA
"21NC01WQ","J1330000",1975-09-22,"Sep",NA," ",NA,NA,NA,45.4,NA
"21NC01WQ","J1330000",1975-09-22,"Sep",NA,"Total",NA,NA,NA,NA,20
"21NC01WQ","J1330000",1975-11-20,"Nov",NA," ",NA,NA,NA,33.5,NA
"21NC01WQ","J1330000",1975-11-20,"Nov",NA,"Total",NA,NA,NA,NA,30
"21NC01WQ","J1330000",1976-01-15,"Jan",NA," ",NA,NA,NA,23,NA
"21NC01WQ","J1330000",1976-01-15,"Jan",NA,"Total",NA,NA,NA,NA,70
"21NC01WQ","J1330000",1976-02-04,"Feb",NA," ",NA,NA,NA,27.2,NA
"21NC01WQ","J1330000",1976-03-15,"Mar",NA," ",NA,NA,NA,32.8,NA
"21NC01WQ","J1330000",1976-03-15,"Mar",NA,"Total",NA,NA,NA,NA,25
"21NC01WQ","J1330000",1976-04-29,"Apr",NA," ",NA,NA,NA,45.4,NA
"21NC01WQ","J1330000",1976-04-29,"Apr",NA,"Total",NA,NA,NA,NA,15
"21NC01WQ","J1330000",1976-05-26,"May",NA," ",NA,NA,NA,38.4,NA
"21NC01WQ","J1330000",1976-05-26,"May",NA,"Total",NA,NA,NA,NA,20
"21NC01WQ","J1330000",1976-06-21,"Jun",NA," ",NA,NA,NA,51,NA
"21NC01WQ","J1330000",1976-06-21,"Jun",NA,"Total",NA,NA,NA,NA,200
"21NC01WQ","J1330000",1976-07-20,"Jul",NA," ",NA,NA,NA,51,NA
"21NC01WQ","J1330000",1976-07-20,"Jul",NA,"Total",NA,NA,NA,NA,20
"21NC01WQ","J1330000",1976-08-10,"Aug",NA," ",NA,NA,NA,56.6,NA
"21NC01WQ","J1330000",1976-08-10,"Aug",NA,"Total",NA,NA,NA,NA,20
"21NC01WQ","J1330000",1976-09-30,"Sep",NA," ",NA,NA,NA,48.2,NA
"21NC01WQ","J1330000",1976-10-19,"Oct",NA," ",NA,NA,NA,32.8,NA
"21NC01WQ","J1330000",1976-10-19,"Oct",NA,"Total",NA,NA,NA,NA,40
"21NC01WQ","J1330000",1976-11-23,"Nov",NA," ",NA,NA,NA,25.8,NA
"21NC01WQ","J1330000",1976-11-23,"Nov",NA,"Total",NA,NA,NA,NA,30
"21NC01WQ","J1330000",1976-12-01,"Dec",NA," ",NA,NA,NA,25.8,NA
"21NC01WQ","J1330000",1976-12-01,"Dec",NA,"Total",NA,NA,NA,NA,20
"21NC01WQ","J1330000",1977-01-27,"Jan",NA," ",NA,NA,NA,24.4,NA
"21NC01WQ","J1330000",1977-02-22,"Feb",NA," ",NA,NA,NA,24.4,NA
"21NC01WQ","J1330000",1977-02-22,"Feb",NA,"Total",NA,NA,NA,NA,20
"21NC01WQ","J1330000",1977-03-10,"Mar",NA," ",NA,NA,NA,32.8,NA
"21NC01WQ","J1330000",1977-03-10,"Mar",NA,"Total",NA,NA,NA,NA,25
"21NC01WQ","J1330000",1977-04-21,"Apr",NA," ",NA,NA,NA,44,NA
"21NC01WQ","J1330000",1977-04-21,"Apr",NA,"Total",NA,NA,NA,NA,30
"21NC01WQ","J1330000",1977-05-31,"May",NA," ",NA,NA,NA,45.4,NA
"21NC01WQ","J1330000",1977-05-31,"May",NA,"Total",NA,NA,NA,NA,30
"21NC01WQ","J1330000",1977-07-12,"Jul",NA," ",NA,NA,NA,58,NA
"21NC01WQ","J1330000",1977-07-12,"Jul",NA,"Total",NA,NA,NA,NA,30
"21NC01WQ","J1330000",1977-08-16,"Aug",NA," ",NA,NA,NA,55.2,NA
"21NC01WQ","J1330000",1977-08-16,"Aug",NA,"Total",NA,NA,NA,NA,20
"21NC01WQ","J1330000",1977-09-14,"Sep",NA," ",NA,NA,NA,48.2,NA
"21NC01WQ","J1330000",1977-09-14,"Sep",NA,"Total",NA,NA,NA,NA,40
"21NC01WQ","J1330000",1977-10-06,"Oct",NA," ",NA,NA,NA,38.4,NA
"21NC01WQ","J1330000",1977-10-06,"Oct",NA,"Total",NA,NA,NA,NA,10
"21NC01WQ","J1330000",1977-11-03,"Nov",NA," ",NA,NA,NA,41.2,NA
"21NC01WQ","J1330000",1977-11-03,"Nov",NA,"Total",NA,NA,NA,NA,40
"21NC01WQ","J1330000",1977-12-07,"Dec",NA," ",NA,NA,NA,24.4,NA
"21NC01WQ","J1330000",1978-01-26,"Jan",NA," ",NA,NA,NA,21.6,NA
"21NC01WQ","J1330000",1978-01-26,"Jan",NA,"Total",NA,NA,NA,NA,220
"21NC01WQ","J1330000",1978-02-21,"Feb",NA," ",NA,NA,NA,24.4,NA
"21NC01WQ","J1330000",1978-02-21,"Feb",NA,"Total",NA,NA,NA,NA,80
"21NC01WQ","J1330000",1978-03-28,"Mar",NA," ",NA,NA,NA,32.1,NA
"21NC01WQ","J1330000",1978-03-28,"Mar",NA,"Total",NA,NA,NA,NA,100
"21NC01WQ","J1330000",1978-04-12,"Apr",NA," ",NA,NA,NA,41.2,NA
"21NC01WQ","J1330000",1978-04-12,"Apr",NA,"Total",NA,NA,NA,NA,20
"21NC01WQ","J1330000",1978-05-25,"May",NA," ",NA,NA,NA,51,NA
"21NC01WQ","J1330000",1978-06-21,"Jun",NA," ",NA,NA,NA,51,NA
"21NC01WQ","J1330000",1978-06-21,"Jun",NA,"Total",NA,NA,NA,NA,20
"21NC01WQ","J1330000",1978-07-12,"Jul",NA," ",NA,NA,NA,46.8,NA
"21NC01WQ","J1330000",1978-07-12,"Jul",NA,"Total",NA,NA,NA,NA,5
"21NC01WQ","J1330000",1978-08-16,"Aug",NA," ",NA,NA,NA,53.8,NA
"21NC01WQ","J1330000",1978-08-16,"Aug",NA,"Total",NA,NA,NA,NA,40
"21NC01WQ","J1330000",1978-10-11,"Oct",NA," ",NA,NA,NA,34.2,NA
"21NC01WQ","J1330000",1978-11-20,"Nov",NA," ",NA,NA,NA,32.8,NA
"21NC01WQ","J1330000",1978-12-11,"Dec",NA," ",NA,NA,NA,30,NA
"21NC01WQ","J1330000",1979-01-24,"Jan",NA," ",NA,NA,NA,25.8,NA
"21NC01WQ","J1330000",1979-02-13,"Feb",NA," ",NA,NA,NA,21.6,NA
"21NC01WQ","J1330000",1979-03-20,"Mar",NA," ",NA,NA,NA,35.6,NA
"21NC01WQ","J1330000",1979-04-18,"Apr",NA," ",NA,NA,NA,38.4,NA
"21NC01WQ","J1330000",1979-05-05,"May",NA," ",NA,NA,NA,42.6,NA
"21NC01WQ","J1330000",1979-05-08,"May",NA," ",NA,NA,NA,49.6,NA
"21NC01WQ","J1330000",1979-07-13,"Jul",NA," ",NA,NA,NA,51.7,NA
"21NC01WQ","J1330000",1979-08-07,"Aug",NA," ",NA,NA,NA,58,NA
"21NC01WQ","J1330000",1979-09-17,"Sep",NA," ",NA,NA,NA,45.4,NA
"21NC01WQ","J1330000",1979-10-10,"Oct",NA," ",NA,NA,NA,37,NA
"21NC01WQ","J1330000",1979-11-27,"Nov",NA," ",NA,NA,NA,37.7,NA
"21NC01WQ","J1330000",1979-12-03,"Dec",NA," ",NA,NA,NA,24.4,NA
"21NC01WQ","J1330000",1980-01-15,"Jan",NA," ",NA,NA,NA,32.8,NA
"21NC01WQ","J1330000",1980-02-04,"Feb",NA," ",NA,NA,NA,23,NA
"21NC01WQ","J1330000",1980-03-28,"Mar",NA," ",NA,NA,NA,37,NA
"21NC01WQ","J1330000",1980-03-28,"Mar",NA,"Total",NA,NA,NA,NA,20
"21NC01WQ","J1330000",1980-04-08,"Apr",NA," ",NA,NA,NA,38.4,NA
"21NC01WQ","J1330000",1980-04-08,"Apr",NA,"Total",NA,NA,NA,NA,50
"21NC01WQ","J1330000",1980-05-13,"May",NA," ",NA,NA,NA,51,NA
"21NC01WQ","J1330000",1980-05-13,"May",NA,"Total",NA,NA,NA,NA,10
"21NC01WQ","J1330000",1980-06-17,"Jun",NA," ",NA,NA,NA,45.4,NA
"21NC01WQ","J1330000",1980-06-17,"Jun",NA,"Total",NA,NA,NA,NA,20
"21NC01WQ","J1330000",1980-07-11,"Jul",NA," ",NA,NA,NA,52.4,NA
"21NC01WQ","J1330000",1980-07-11,"Jul",NA,"Total",NA,NA,NA,NA,55
"21NC01WQ","J1330000",1980-08-26,"Aug",NA," ",NA,NA,NA,51,NA
"21NC01WQ","J1330000",1980-08-26,"Aug",NA,"Total",NA,NA,NA,NA,10
"21NC01WQ","J1330000",1980-09-22,"Sep",NA," ",NA,NA,NA,58,NA
"21NC01WQ","J1330000",1980-09-22,"Sep",NA,"Total",NA,NA,NA,NA,15
"21NC01WQ","J1330000",1980-10-13,"Oct",NA," ",NA,NA,NA,38.4,NA
"21NC01WQ","J1330000",1980-10-13,"Oct",NA,"Total",NA,NA,NA,NA,8
"21NC01WQ","J1330000",1980-11-19,"Nov",NA," ",NA,NA,NA,28.6,NA
"21NC01WQ","J1330000",1980-11-19,"Nov",NA,"Total",NA,NA,NA,NA,35
"21NC01WQ","J1330000",1980-12-10,"Dec",NA," ",NA,NA,NA,30,NA
"21NC01WQ","J1330000",1980-12-10,"Dec",NA,"Total",NA,NA,NA,NA,30
"21NC01WQ","J1330000",1981-01-20,"Jan",NA," ",NA,NA,NA,24.4,NA
"21NC01WQ","J1330000",1981-01-20,"Jan",NA,"Total",NA,NA,NA,NA,9
"21NC01WQ","J1330000",1981-02-11,"Feb",NA," ",NA,NA,NA,32.8,NA
"21NC01WQ","J1330000",1981-02-11,"Feb",NA,"Total",NA,NA,NA,NA,400
"21NC01WQ","J1330000",1981-03-16,"Mar",NA," ",NA,NA,NA,32.8,NA
"21NC01WQ","J1330000",1981-03-16,"Mar",NA,"Total",NA,NA,NA,NA,10
"21NC01WQ","J1330000",1981-04-13,"Apr",NA," ",NA,NA,NA,39.8,NA
"21NC01WQ","J1330000",1981-04-13,"Apr",NA,"Total",NA,NA,NA,NA,7
"21NC01WQ","J1330000",1981-05-27,"May",NA," ",NA,NA,NA,45.4,NA
"21NC01WQ","J1330000",1981-06-22,"Jun",NA," ",NA,NA,NA,55.2,NA
"21NC01WQ","J1330000",1981-06-22,"Jun",NA,"Total",NA,NA,NA,NA,10
"21NC01WQ","J1330000",1981-07-15,"Jul",NA," ",NA,NA,NA,51,NA
"21NC01WQ","J1330000",1981-07-15,"Jul",NA,"Total",NA,NA,NA,NA,15
"21NC01WQ","J1330000",1981-08-18,"Aug",NA," ",NA,NA,NA,46.8,NA
"21NC01WQ","J1330000",1981-08-18,"Aug",NA,"Total",NA,NA,NA,NA,40
"21NC01WQ","J1330000",1981-09-14,"Sep",NA," ",NA,NA,NA,49.6,NA
"21NC01WQ","J1330000",1981-09-14,"Sep",NA,"Total",NA,NA,NA,NA,6
"21NC01WQ","J1330000",1981-10-22,"Oct",NA," ",NA,NA,NA,41.2,NA
"21NC01WQ","J1330000",1981-11-16,"Nov",NA," ",NA,NA,NA,35.6,NA
"21NC01WQ","J1330000",1981-11-16,"Nov",NA,"Total",NA,NA,NA,NA,6
"21NC01WQ","J1330000",1981-12-08,"Dec",NA," ",NA,NA,NA,32.8,NA
"21NC01WQ","J1330000",1982-01-28,"Jan",NA," ",NA,NA,NA,16,NA
"21NC01WQ","J1330000",1982-02-18,"Feb",NA," ",NA,NA,NA,28.6,NA
"21NC01WQ","J1330000",1982-02-18,"Feb",NA,"Total",NA,NA,NA,NA,70
"21NC01WQ","J1330000",1982-03-04,"Mar",NA," ",NA,NA,NA,28.6,NA
"21NC01WQ","J1330000",1982-04-22,"Apr",NA," ",NA,NA,NA,35.6,NA
"21NC01WQ","J1330000",1982-05-18,"May",NA," ",NA,NA,NA,45.4,NA
"21NC01WQ","J1330000",1982-05-18,"May",NA,"Total",NA,NA,NA,NA,5
"21NC01WQ","J1330000",1982-06-11,"Jun",NA," ",NA,NA,NA,44,NA
"21NC01WQ","J1330000",1982-07-12,"Jul",NA," ",NA,NA,NA,51,NA
"21NC01WQ","J1330000",1982-08-11,"Aug",NA," ",NA,NA,NA,49.6,NA
"21NC01WQ","J1330000",1982-08-11,"Aug",NA,"Total",NA,NA,NA,NA,15
"21NC01WQ","J1330000",1982-09-15,"Sep",NA," ",NA,NA,NA,48.2,NA
"21NC01WQ","J1330000",1982-10-14,"Oct",NA," ",NA,NA,NA,42.6,NA
"21NC01WQ","J1330000",1982-11-04,"Nov",NA," ",NA,NA,NA,45.4,NA
"21NC01WQ","J1330000",1982-11-04,"Nov",NA,"Total",NA,NA,NA,NA,2
"21NC01WQ","J1330000",1982-12-08,"Dec",NA," ",NA,NA,NA,31.4,NA
"21NC01WQ","J1330000",1983-01-11,"Jan",NA," ",NA,NA,NA,30,NA
"21NC01WQ","J1330000",1983-02-03,"Feb",NA," ",NA,NA,NA,28.6,NA
"21NC01WQ","J1330000",1983-02-03,"Feb",NA,"Total",NA,NA,NA,NA,60
"21NC01WQ","J1330000",1983-03-14,"Mar",NA," ",NA,NA,NA,30,NA
"21NC01WQ","J1330000",1983-04-04,"Apr",NA," ",NA,NA,NA,32.8,NA
"21NC01WQ","J1330000",1983-05-10,"May",NA," ",NA,NA,NA,41.2,NA
"21NC01WQ","J1330000",1983-05-10,"May",NA,"Total",NA,NA,NA,NA,9
"21NC01WQ","J1330000",1983-06-02,"Jun",NA," ",NA,NA,NA,41.2,NA
"21NC01WQ","J1330000",1983-07-20,"Jul",NA," ",NA,NA,NA,51,NA
"21NC01WQ","J1330000",1983-08-03,"Aug",NA," ",NA,NA,NA,51,NA
"21NC01WQ","J1330000",1983-08-03,"Aug",NA,"Total",NA,NA,NA,NA,42
"21NC01WQ","J1330000",1983-09-20,"Sep",NA," ",NA,NA,NA,45.4,NA
"21NC01WQ","J1330000",1983-10-13,"Oct",NA," ",NA,NA,NA,42.6,NA
"21NC01WQ","J1330000",1983-11-17,"Nov",NA," ",NA,NA,NA,28.6,NA
"21NC01WQ","J1330000",1983-11-17,"Nov",NA,"Total",NA,NA,NA,NA,26
"21NC01WQ","J1330000",1983-12-15,"Dec",NA," ",NA,NA,NA,28.6,NA
"21NC01WQ","J1330000",1984-01-05,"Jan",NA," ",NA,NA,NA,17.4,NA
"21NC01WQ","J1330000",1984-02-23,"Feb",NA," ",NA,NA,NA,28.6,NA
"21NC01WQ","J1330000",1984-02-23,"Feb",NA,"Total",NA,NA,NA,NA,85
"21NC01WQ","J1330000",1984-03-08,"Mar",NA," ",NA,NA,NA,23,NA
"21NC01WQ","J1330000",1984-04-11,"Apr",NA," ",NA,NA,NA,27.2,NA
"21NC01WQ","J1330000",1984-05-25,"May",NA," ",NA,NA,NA,45.4,NA
"21NC01WQ","J1330000",1984-05-25,"May",NA,"Total",NA,NA,NA,NA,7
"21NC01WQ","J1330000",1984-06-20,"Jun",NA," ",NA,NA,NA,51,NA
"21NC01WQ","J1330000",1984-07-26,"Jul",NA," ",NA,NA,NA,49.6,NA
"21NC01WQ","J1330000",1984-08-20,"Aug",NA," ",NA,NA,NA,49.6,NA
"21NC01WQ","J1330000",1984-08-20,"Aug",NA,"Total",NA,NA,NA,NA,3.6
"21NC01WQ","J1330000",1984-09-14,"Sep",NA," ",NA,NA,NA,48.2,NA
"21NC01WQ","J1330000",1984-10-26,"Oct",NA," ",NA,NA,NA,49.6,NA
"21NC01WQ","J1330000",1984-11-13,"Nov",NA," ",NA,NA,NA,28.6,NA
"21NC01WQ","J1330000",1984-11-13,"Nov",NA,"Total",NA,NA,NA,NA,7.8
"21NC01WQ","J1330000",1984-12-10,"Dec",NA," ",NA,NA,NA,24.4,NA
"21NC01WQ","J1330000",1985-01-22,"Jan",NA," ",NA,NA,NA,17.4,NA
"21NC01WQ","J1330000",1985-02-12,"Feb",NA," ",NA,NA,NA,23,NA
"21NC01WQ","J1330000",1985-02-12,"Feb",NA,"Total",NA,NA,NA,NA,150
"21NC01WQ","J1330000",1985-03-19,"Mar",NA," ",NA,NA,NA,28.6,NA
"21NC01WQ","J1330000",1985-04-11,"Apr",NA," ",NA,NA,NA,34.2,NA
"21NC01WQ","J1330000",1985-05-16,"May",NA," ",NA,NA,NA,46.8,NA
"21NC01WQ","J1330000",1985-05-16,"May",NA,"Total",NA,NA,NA,NA,75
"21NC01WQ","J1330000",1985-06-20,"Jun",NA," ",NA,NA,NA,48.2,NA
"21NC01WQ","J1330000",1985-07-17,"Jul",NA," ",NA,NA,NA,51,NA
"21NC01WQ","J1330000",1985-08-26,"Aug",NA," ",NA,NA,NA,48.2,NA
"21NC01WQ","J1330000",1985-08-26,"Aug",NA,"Total",NA,NA,NA,NA,50
"21NC01WQ","J1330000",1985-09-20,"Sep",NA," ",NA,NA,NA,45.4,NA
"21NC01WQ","J1330000",1985-10-22,"Oct",NA," ",NA,NA,NA,41.2,NA
"21NC01WQ","J1330000",1985-11-12,"Nov",NA," ",NA,NA,NA,35.6,NA
"21NC01WQ","J1330000",1985-11-12,"Nov",NA,"Total",NA,NA,NA,NA,4.6
"21NC01WQ","J1330000",1985-12-12,"Dec",NA," ",NA,NA,NA,38.4,NA
"21NC01WQ","J1330000",1986-01-13,"Jan",NA," ",NA,NA,NA,20.2,NA
"21NC01WQ","J1330000",1986-02-20,"Feb",NA," ",NA,NA,NA,30,NA
"21NC01WQ","J1330000",1986-02-20,"Feb",NA,"Total",NA,NA,NA,NA,22
"21NC01WQ","J1330000",1986-03-17,"Mar",NA," ",NA,NA,NA,32.8,NA
"21NC01WQ","J1330000",1986-04-16,"Apr",NA," ",NA,NA,NA,38.4,NA
"21NC01WQ","J1330000",1986-05-13,"May",NA," ",NA,NA,NA,42.6,NA
"21NC01WQ","J1330000",1986-05-13,"May",NA,"Total",NA,NA,NA,NA,5.8
"21NC01WQ","J1330000",1986-06-16,"Jun",NA," ",NA,NA,NA,49.6,NA
"21NC01WQ","J1330000",1986-07-23,"Jul",NA," ",NA,NA,NA,49.6,NA
"21NC01WQ","J1330000",1986-08-25,"Aug",NA," ",NA,NA,NA,48.2,NA
"21NC01WQ","J1330000",1986-08-25,"Aug",NA,"Total",NA,NA,NA,NA,9.8
"21NC01WQ","J1330000",1986-10-24,"Oct",NA," ",NA,NA,NA,38.4,NA
"21NC01WQ","J1330000",1986-11-13,"Nov",NA," ",NA,NA,NA,31.4,NA
"21NC01WQ","J1330000",1986-12-10,"Dec",NA," ",NA,NA,NA,35.6,NA
"21NC01WQ","J1330000",1987-01-28,"Jan",NA," ",NA,NA,NA,20.2,NA
"21NC01WQ","J1330000",1987-03-03,"Mar",NA," ",NA,NA,NA,27.2,NA
"21NC01WQ","J1330000",1987-03-03,"Mar",NA,"Total",NA,NA,NA,NA,25
"21NC01WQ","J1330000",1987-03-16,"Mar",NA," ",NA,NA,NA,28.6,NA
"21NC01WQ","J1330000",1987-04-07,"Apr",NA," ",NA,NA,NA,30,NA
"21NC01WQ","J1330000",1987-05-07,"May",NA," ",NA,NA,NA,39.8,NA
"21NC01WQ","J1330000",1987-05-07,"May",NA,"Total",NA,NA,NA,NA,5.2
"21NC01WQ","J1330000",1987-06-24,"Jun",NA," ",NA,NA,NA,49.6,NA
"21NC01WQ","J1330000",1987-09-23,"Sep",NA," ",NA,NA,NA,44,NA
"21NC01WQ","J1330000",1987-10-14,"Oct",NA," ",NA,NA,NA,35.6,NA
"21NC01WQ","J1330000",1987-10-14,"Oct",NA,"Total",NA,NA,NA,NA,12
"21NC01WQ","J1330000",1987-11-18,"Nov",NA," ",NA,NA,NA,39.8,NA
"21NC01WQ","J1330000",1987-12-16,"Dec",NA," ",NA,NA,NA,28.6,NA
"21NC01WQ","J1330000",1988-01-26,"Jan",NA," ",NA,NA,NA,23,NA
"21NC01WQ","J1330000",1988-02-25,"Feb",NA," ",NA,NA,NA,25.8,NA
"21NC01WQ","J1330000",1988-02-25,"Feb",NA,"Total",NA,NA,NA,NA,12
"21NC01WQ","J1330000",1988-03-16,"Mar",NA," ",NA,NA,NA,28.6,NA
"21NC01WQ","J1330000",1988-04-25,"Apr",NA," ",NA,NA,NA,39.8,NA
"21NC01WQ","J1330000",1988-05-23,"May",NA," ",NA,NA,NA,49.6,NA
"21NC01WQ","J1330000",1988-05-23,"May",NA,"Total",NA,NA,NA,NA,40
"21NC01WQ","J1330000",1988-06-21,"Jun",NA," ",NA,NA,NA,52.4,NA
"21NC01WQ","J1330000",1988-07-13,"Jul",NA," ",NA,NA,NA,52.4,NA
"21NC01WQ","J1330000",1988-08-23,"Aug",NA," ",NA,NA,NA,49.6,NA
"21NC01WQ","J1330000",1988-08-23,"Aug",NA,"Total",NA,NA,NA,NA,23
"21NC01WQ","J1330000",1988-09-07,"Sep",NA," ",NA,NA,NA,45.4,NA
"21NC01WQ","J1330000",1988-10-18,"Oct",NA," ",NA,NA,NA,39.8,NA
"21NC01WQ","J1330000",1988-11-17,"Nov",NA," ",NA,NA,NA,38.4,NA
"21NC01WQ","J1330000",1988-11-17,"Nov",NA,"Total",NA,NA,NA,NA,17
"21NC01WQ","J1330000",1988-12-21,"Dec",NA," ",NA,NA,NA,28.6,NA
"21NC01WQ","J1330000",1989-01-11,"Jan",NA," ",NA,NA,NA,30,NA
"21NC01WQ","J1330000",1989-02-02,"Feb",NA," ",NA,NA,NA,38.4,NA
"21NC01WQ","J1330000",1989-02-02,"Feb",NA,"Total",NA,NA,NA,NA,6
"21NC01WQ","J1330000",1989-03-27,"Mar",NA," ",NA,NA,NA,32.8,NA
"21NC01WQ","J1330000",1989-04-06,"Apr",NA," ",NA,NA,NA,34.6,NA
"21NC01WQ","J1330000",1989-05-05,"May",NA," ",NA,NA,NA,39.5,NA
"21NC01WQ","J1330000",1989-05-05,"May",NA,"Total",NA,NA,NA,NA,38
"21NC01WQ","J1330000",1989-07-17,"Jul",NA," ",NA,NA,NA,47.5,NA
"21NC01WQ","J1330000",1989-08-14,"Aug",NA," ",NA,NA,NA,48.9,NA
"21NC01WQ","J1330000",1989-08-14,"Aug",NA,"Total",NA,NA,NA,NA,11
"21NC01WQ","J1330000",1989-09-19,"Sep",NA," ",NA,NA,NA,47.5,NA
"21NC01WQ","J1330000",1989-10-26,"Oct",NA," ",NA,NA,NA,37,NA
"21NC01WQ","J1330000",1989-11-15,"Nov",NA," ",NA,NA,NA,41.2,NA
"21NC01WQ","J1330000",1989-11-15,"Nov",NA,"Total",NA,NA,NA,NA,8.5
"21NC01WQ","J1330000",1989-12-15,"Dec",NA," ",NA,NA,NA,23,NA
"21NC01WQ","J1330000",1990-01-24,"Jan",NA," ",NA,NA,NA,31.4,NA
"21NC01WQ","J1330000",1990-02-21,"Feb",NA," ",NA,NA,NA,28.6,NA
"21NC01WQ","J1330000",1990-02-21,"Feb",NA,"Total",NA,NA,NA,NA,20
"21NC01WQ","J1330000",1990-03-26,"Mar",NA," ",NA,NA,NA,34.2,NA
"21NC01WQ","J1330000",1990-04-20,"Apr",NA," ",NA,NA,NA,37,NA
"21NC01WQ","J1330000",1990-06-25,"Jun",NA," ",NA,NA,NA,47.5,NA
"21NC01WQ","J1330000",1990-07-26,"Jul",NA," ",NA,NA,NA,52.4,NA
"21NC01WQ","J1330000",1990-08-28,"Aug",NA," ",NA,NA,NA,53.8,NA
"21NC01WQ","J1330000",1990-08-28,"Aug",NA,"Total",NA,NA,NA,NA,9.5
"21NC01WQ","J1330000",1990-09-19,"Sep",NA," ",NA,NA,NA,44,NA
"21NC01WQ","J1330000",1990-10-22,"Oct",NA," ",NA,NA,NA,41.2,NA
"21NC01WQ","J1330000",1990-11-28,"Nov",NA," ",NA,NA,NA,37,NA
"21NC01WQ","J1330000",1990-11-28,"Nov",NA,"Total",NA,NA,NA,NA,2.9
"21NC01WQ","J1330000",1990-12-13,"Dec",NA," ",NA,NA,NA,27.2,NA
"21NC01WQ","J1330000",1991-04-22,"Apr",NA," ",NA,NA,NA,36.3,NA
"21NC01WQ","J1330000",1991-05-16,"May",NA," ",NA,NA,NA,49.6,NA
"21NC01WQ","J1330000",1991-05-16,"May",NA,"Total",NA,NA,NA,NA,13
"21NC01WQ","J1330000",1991-06-24,"Jun",NA," ",NA,NA,NA,48.2,NA
"21NC01WQ","J1330000",1991-07-18,"Jul",NA," ",NA,NA,NA,51,NA
"21NC01WQ","J1330000",1991-08-06,"Aug",NA," ",NA,NA,NA,52.4,NA
"21NC01WQ","J1330000",1991-08-06,"Aug",NA,"Total",NA,NA,NA,NA,12
"21NC01WQ","J1330000",1991-09-26,"Sep",NA," ",NA,NA,NA,44,NA
"21NC01WQ","J1330000",1991-10-24,"Oct",NA," ",NA,NA,NA,42.6,NA
"21NC01WQ","J1330000",1991-11-25,"Nov",NA," ",NA,NA,NA,33.5,NA
"21NC01WQ","J1330000",1991-11-25,"Nov",NA,"Total",NA,NA,NA,NA,2.7
"21NC01WQ","J1330000",1991-12-30,"Dec",NA," ",NA,NA,NA,27.2,NA
"21NC01WQ","J1330000",1992-01-08,"Jan",NA," ",NA,NA,NA,25.1,NA
"21NC01WQ","J1330000",1992-02-18,"Feb",NA," ",NA,NA,NA,31.4,NA
"21NC01WQ","J1330000",1992-02-18,"Feb",NA,"Total",NA,NA,NA,NA,14
"21NC01WQ","J1330000",1992-03-12,"Mar",NA," ",NA,NA,NA,30.7,NA
"21NC01WQ","J1330000",1992-04-19,"Apr",NA," ",NA,NA,NA,37.7,NA
"21NC01WQ","J1330000",1992-05-13,"May",NA," ",NA,NA,NA,43.3,NA
"21NC01WQ","J1330000",1992-05-13,"May",NA,"Total",NA,NA,NA,NA,11
"21NC01WQ","J1330000",1992-06-18,"Jun",NA," ",NA,NA,NA,48.2,NA
"21NC01WQ","J1330000",1992-07-15,"Jul",NA," ",NA,NA,NA,55.2,NA
"21NC01WQ","J1330000",1992-08-11,"Aug",NA," ",NA,NA,NA,53.8,NA
"21NC01WQ","J1330000",1992-08-11,"Aug",NA,"Total",NA,NA,NA,NA,5.8
"21NC01WQ","J1330000",1992-09-15,"Sep",NA," ",NA,NA,NA,45.4,NA
"21NC01WQ","J1330000",1992-10-14,"Oct",NA," ",NA,NA,NA,41.2,NA
"21NC01WQ","J1330000",1992-11-18,"Nov",NA," ",NA,NA,NA,32.8,NA
"21NC01WQ","J1330000",1992-11-18,"Nov",NA,"Total",NA,NA,NA,NA,5.9
"21NC01WQ","J1330000",1992-12-16,"Dec",NA," ",NA,NA,NA,28.6,NA
"21NC01WQ","J1330000",1993-01-13,"Jan",NA," ",NA,NA,NA,30,NA
"21NC01WQ","J1330000",1993-02-17,"Feb",NA," ",NA,NA,NA,27.2,NA
"21NC01WQ","J1330000",1993-02-17,"Feb",NA,"Total",NA,NA,NA,NA,32
"21NC01WQ","J1330000",1993-03-23,"Mar",NA," ",NA,NA,NA,37,NA
"21NC01WQ","J1330000",1993-04-28,"Apr",NA," ",NA,NA,NA,38.4,NA
"21NC01WQ","J1330000",1993-05-18,"May",NA," ",NA,NA,NA,46.8,NA
"21NC01WQ","J1330000",1993-05-18,"May",NA,"Total",NA,NA,NA,NA,9.4
"21NC01WQ","J1330000",1993-06-23,"Jun",NA," ",NA,NA,NA,51,NA
"21NC01WQ","J1330000",1993-07-26,"Jul",NA," ",NA,NA,NA,53.8,NA
"21NC01WQ","J1330000",1993-08-12,"Aug",NA," ",NA,NA,NA,51,NA
"21NC01WQ","J1330000",1993-08-12,"Aug",NA,"Total",NA,NA,NA,NA,5.7
"21NC01WQ","J1330000",1993-09-15,"Sep",NA," ",NA,NA,NA,51,NA
"21NC01WQ","J1330000",1993-10-19,"Oct",NA," ",NA,NA,NA,45.4,NA
"21NC01WQ","J1330000",1993-11-17,"Nov",NA," ",NA,NA,NA,42.6,NA
"21NC01WQ","J1330000",1993-11-17,"Nov",NA,"Total",NA,NA,NA,NA,2.4
"21NC01WQ","J1330000",1994-02-22,"Feb",NA," ",NA,NA,NA,34.2,NA
"21NC01WQ","J1330000",1994-02-22,"Feb",NA,"Total",NA,NA,NA,NA,7.4
"21NC01WQ","J1330000",1994-03-17,"Mar",NA," ",NA,NA,NA,31.4,NA
"21NC01WQ","J1330000",1994-04-18,"Apr",NA," ",NA,NA,NA,42.6,NA
"21NC01WQ","J1330000",1994-05-19,"May",NA," ",NA,NA,NA,39.8,NA
"21NC01WQ","J1330000",1994-05-19,"May",NA,"Total",NA,NA,NA,NA,4
"21NC01WQ","J1330000",1994-06-20,"Jun",NA," ",NA,NA,NA,52.4,NA
"21NC01WQ","J1330000",1994-07-14,"Jul",NA," ",NA,NA,NA,53.8,NA
"21NC01WQ","J1330000",1994-08-23,"Aug",NA," ",NA,NA,NA,49.6,NA
"21NC01WQ","J1330000",1994-08-23,"Aug",NA,"Total",NA,NA,NA,NA,5
"21NC01WQ","J1330000",1994-09-19,"Sep",NA," ",NA,NA,NA,45.4,NA
"21NC01WQ","J1330000",1994-09-19,"Sep",NA,"Total",NA,NA,NA,NA,1.2
"21NC01WQ","J1330000",1994-10-25,"Oct",NA," ",NA,NA,NA,39.8,NA
"21NC01WQ","J1330000",1994-10-25,"Oct",NA,"Total",NA,NA,NA,NA,2
"21NC01WQ","J1330000",1994-11-09,"Nov",NA," ",NA,NA,NA,39.8,NA
"21NC01WQ","J1330000",1994-11-09,"Nov",NA,"Total",NA,NA,NA,NA,1.2
"21NC01WQ","J1330000",1994-12-12,"Dec",NA," ",NA,NA,NA,31.4,NA
"21NC01WQ","J1330000",1994-12-12,"Dec",NA,"Total",NA,NA,NA,NA,5.2
"21NC01WQ","J1330000",1995-01-24,"Jan",NA," ",NA,NA,NA,27.2,NA
"21NC01WQ","J1330000",1995-01-24,"Jan",NA,"Total",NA,NA,NA,NA,11
"21NC01WQ","J1330000",1995-02-14,"Feb",NA," ",NA,NA,NA,30,NA
"21NC01WQ","J1330000",1995-02-14,"Feb",NA,"Total",NA,NA,NA,NA,8.1
"21NC01WQ","J1330000",1995-03-23,"Mar",NA," ",NA,NA,NA,47.2,NA
"21NC01WQ","J1330000",1995-03-23,"Mar",NA,"Total",NA,NA,NA,NA,10
"21NC01WQ","J1330000",1995-04-24,"Apr",NA," ",NA,NA,NA,37.3,NA
"21NC01WQ","J1330000",1995-04-24,"Apr",NA,"Total",NA,NA,NA,NA,15
"21NC01WQ","J1330000",1995-05-22,"May",NA," ",NA,NA,NA,46.8,NA
"21NC01WQ","J1330000",1995-05-22,"May",NA,"Total",NA,NA,NA,NA,5.3
"21NC01WQ","J1330000",1995-06-21,"Jun",NA," ",NA,NA,NA,46.95,NA
"21NC01WQ","J1330000",1995-06-21,"Jun",NA,"Total",NA,NA,NA,NA,4.7
"21NC01WQ","J1330000",1995-07-25,"Jul",NA," ",NA,NA,NA,53.95,NA
"21NC01WQ","J1330000",1995-07-25,"Jul",NA,"Total",NA,NA,NA,NA,18
"21NC01WQ","J1330000",1995-08-14,"Aug",NA," ",NA,NA,NA,53.8,NA
"21NC01WQ","J1330000",1995-08-14,"Aug",NA,"Total",NA,NA,NA,NA,2.3
"21NC01WQ","J1330000",1995-09-11,"Sep",NA," ",NA,NA,NA,48.2,NA
"21NC01WQ","J1330000",1995-09-11,"Sep",NA,"Total",NA,NA,NA,NA,2.2
"21NC01WQ","J1330000",1995-11-28,"Nov",NA," ",NA,NA,NA,37,NA
"21NC01WQ","J1330000",1995-11-28,"Nov",NA,"Total",NA,NA,NA,NA,4
"21NC01WQ","J1330000",1995-12-14,"Dec",NA," ",NA,NA,NA,28.6,NA
"21NC01WQ","J1330000",1995-12-14,"Dec",NA,"Total",NA,NA,NA,NA,5.8
"21NC01WQ","J1330000",1996-01-18,"Jan",NA," ",NA,NA,NA,25.95,NA
"21NC01WQ","J1330000",1996-01-18,"Jan",NA,"Total",NA,NA,NA,NA,19
"21NC01WQ","J1330000",1996-02-27,"Feb",NA,"Total",NA,NA,NA,NA,6.2
"21NC01WQ","J1330000",1996-03-19,"Mar",NA," ",NA,NA,NA,30,NA
"21NC01WQ","J1330000",1996-03-19,"Mar",NA,"Total",NA,NA,NA,NA,210
"21NC01WQ","J1330000",1996-04-09,"Apr",NA," ",NA,NA,NA,29.85,NA
"21NC01WQ","J1330000",1996-04-09,"Apr",NA,"Total",NA,NA,NA,NA,60
"21NC01WQ","J1330000",1996-05-28,"May",NA," ",NA,NA,NA,44,NA
"21NC01WQ","J1330000",1996-05-28,"May",NA,"Total",NA,NA,NA,NA,90
"21NC01WQ","J1330000",1996-06-12,"Jun",NA," ",NA,NA,NA,51,NA
"21NC01WQ","J1330000",1996-06-12,"Jun",NA,"Total",NA,NA,NA,NA,29
"21NC01WQ","J1330000",1996-06-25,"Jun",NA," ",NA,NA,NA,51.3,NA
"21NC01WQ","J1330000",1996-07-16,"Jul",NA," ",NA,NA,NA,51.15,NA
"21NC01WQ","J1330000",1996-07-16,"Jul",NA,"Total",NA,NA,NA,NA,8.5
"21NC01WQ","J1330000",1996-08-19,"Aug",NA," ",NA,NA,NA,50.45,NA
"21NC01WQ","J1330000",1996-08-19,"Aug",NA,"Total",NA,NA,NA,NA,18
"21NC01WQ","J1330000",1996-09-19,"Sep",NA," ",NA,NA,NA,45.55,NA
"21NC01WQ","J1330000",1996-09-19,"Sep",NA,"Total",NA,NA,NA,NA,12
"21NC01WQ","J1330000",1996-10-16,"Oct",NA," ",NA,NA,NA,42.45,NA
"21NC01WQ","J1330000",1996-10-16,"Oct",NA,"Total",NA,NA,NA,NA,3.3
"21NC01WQ","J1330000",1996-11-07,"Nov",NA," ",NA,NA,NA,42.2,NA
"21NC01WQ","J1330000",1996-11-07,"Nov",NA,"Total",NA,NA,NA,NA,3.4
"21NC01WQ","J1330000",1996-12-10,"Dec",NA," ",NA,NA,NA,27.5,NA
"21NC01WQ","J1330000",1996-12-10,"Dec",NA,"Total",NA,NA,NA,NA,10
"21NC02WQ","J1330000",1997-01-23,"Jan",NA,"Total",NA,NA,NA,NA,7.1
"21NC02WQ","J1330000",1997-01-23,"Jan",NA,NA,NA,NA,NA,11,NA
"21NC02WQ","J1330000",1997-02-18,"Feb",NA,"Total",NA,NA,NA,NA,9.3
"21NC02WQ","J1330000",1997-02-18,"Feb",NA,NA,NA,NA,NA,11,NA
"21NC02WQ","J1330000",1997-03-13,"Mar",NA,"Total",NA,NA,NA,NA,4.4
"21NC02WQ","J1330000",1997-03-13,"Mar",NA,NA,NA,NA,NA,15,NA
"21NC02WQ","J1330000",1997-04-16,"Apr",NA,"Total",NA,NA,NA,NA,6.6
"21NC02WQ","J1330000",1997-04-16,"Apr",NA,NA,NA,NA,NA,16.9,NA
"21NC02WQ","J1330000",1997-05-14,"May",NA,"Total",NA,NA,NA,NA,6.1
"21NC02WQ","J1330000",1997-05-14,"May",NA,NA,NA,NA,NA,19.8,NA
"21NC02WQ","J1330000",1997-06-23,"Jun",NA,"Total",NA,NA,NA,NA,7.5
"21NC02WQ","J1330000",1997-06-23,"Jun",NA,NA,NA,NA,NA,26,NA
"21NC02WQ","J1330000",1997-07-30,"Jul",NA,"Total",NA,NA,NA,NA,4.9
"21NC02WQ","J1330000",1997-07-30,"Jul",NA,NA,NA,NA,NA,24.9,NA
"21NC02WQ","J1330000",1997-08-05,"Aug",NA,"Total",NA,NA,NA,NA,4.6
"21NC02WQ","J1330000",1997-08-05,"Aug",NA,NA,NA,NA,NA,26,NA
"21NC02WQ","J1330000",1997-09-24,"Sep",NA,"Total",NA,NA,NA,NA,12
"21NC02WQ","J1330000",1997-09-24,"Sep",NA,NA,NA,NA,NA,22,NA
"21NC02WQ","J1330000",1997-10-23,"Oct",NA,"Total",NA,NA,NA,NA,2.4
"21NC02WQ","J1330000",1997-10-23,"Oct",NA,NA,NA,NA,NA,16,NA
"21NC02WQ","J1330000",1997-11-12,"Nov",NA,"Total",NA,NA,NA,NA,1.3
"21NC02WQ","J1330000",1997-11-12,"Nov",NA,NA,NA,NA,NA,16,NA
"21NC02WQ","J1330000",1997-12-19,"Dec",NA,"Total",NA,NA,NA,NA,1.7
"21NC02WQ","J1330000",1997-12-19,"Dec",NA,NA,NA,NA,NA,9,NA
"21NC02WQ","J1330000",1998-01-20,"Jan",NA,"Total",NA,NA,NA,NA,24
"21NC02WQ","J1330000",1998-01-20,"Jan",NA,NA,NA,NA,NA,8.5,NA
"21NC02WQ","J1330000",1998-02-12,"Feb",NA,"Total",NA,NA,NA,NA,9.7
"21NC02WQ","J1330000",1998-02-12,"Feb",NA,NA,NA,NA,NA,10,NA
"21NC02WQ","J1330000",1998-03-10,"Mar",NA,"Total",NA,NA,NA,NA,27
"21NC02WQ","J1330000",1998-03-10,"Mar",NA,NA,NA,NA,NA,13,NA
"21NC02WQ","J1330000",1998-04-13,"Apr",NA,"Total",NA,NA,NA,NA,8.2
"21NC02WQ","J1330000",1998-04-13,"Apr",NA,NA,NA,NA,NA,17.5,NA
"21NC02WQ","J1330000",1998-05-12,"May",NA,"Total",NA,NA,NA,NA,11
"21NC02WQ","J1330000",1998-05-12,"May",NA,NA,NA,NA,NA,18.5,NA
"21NC02WQ","J1330000",1998-06-08,"Jun",NA,"Total",NA,NA,NA,NA,16
"21NC02WQ","J1330000",1998-06-08,"Jun",NA,NA,NA,NA,NA,21.5,NA
"21NC02WQ","J1330000",1998-07-09,"Jul",NA,"Total",NA,NA,NA,NA,2.7
"21NC02WQ","J1330000",1998-07-09,"Jul",NA,NA,NA,NA,NA,27.7,NA
"21NC02WQ","J1330000",1998-08-17,"Aug",NA,"Total",NA,NA,NA,NA,65
"21NC02WQ","J1330000",1998-08-17,"Aug",NA,NA,NA,NA,NA,27.4,NA
"21NC02WQ","J1330000",1998-09-21,"Sep",NA,"Total",NA,NA,NA,NA,1.8
"21NC02WQ","J1330000",1998-09-21,"Sep",NA,NA,NA,NA,NA,25.5,NA
"21NC02WQ","J1330000",1998-10-12,"Oct",NA,"Total",NA,NA,NA,NA,2
"21NC02WQ","J1330000",1998-10-12,"Oct",NA,NA,NA,NA,NA,20.3,NA
"21NC02WQ","J1330000",1998-11-04,"Nov",NA,"Total",NA,NA,NA,NA,12
"21NC02WQ","J1330000",1998-11-04,"Nov",NA,NA,NA,NA,NA,14.6,NA
"21NC02WQ","J1330000",1998-12-03,"Dec",NA,"Total",NA,NA,NA,NA,1.4
"21NC02WQ","J1330000",1998-12-03,"Dec",NA,NA,NA,NA,NA,16,NA
"21NC02WQ","J1330000",1999-01-11,"Jan",NA,"Total",NA,NA,NA,NA,10
"21NC02WQ","J1330000",1999-01-11,"Jan",NA,NA,NA,NA,NA,7.6,NA
"21NC02WQ","J1330000",1999-02-11,"Feb",NA,"Total",NA,NA,NA,NA,3.2
"21NC02WQ","J1330000",1999-02-11,"Feb",NA,NA,NA,NA,NA,14.7,NA
"21NC02WQ","J1330000",1999-03-04,"Mar",NA,"Total",NA,NA,NA,NA,4.4
"21NC02WQ","J1330000",1999-03-04,"Mar",NA,NA,NA,NA,NA,11.8,NA
"21NC02WQ","J1330000",1999-04-15,"Apr",NA,"Total",NA,NA,NA,NA,5.2
"21NC02WQ","J1330000",1999-04-15,"Apr",NA,NA,NA,NA,NA,16.4,NA
"21NC02WQ","J1330000",1999-05-10,"May",NA,"Total",NA,NA,NA,NA,5.8
"21NC02WQ","J1330000",1999-05-10,"May",NA,NA,NA,NA,NA,21.5,NA
"21NC02WQ","J1330000",1999-06-09,"Jun",NA,"Total",NA,NA,NA,NA,2.5
"21NC02WQ","J1330000",1999-06-09,"Jun",NA,NA,NA,NA,NA,27.4,NA
"21NC02WQ","J1330000",1999-07-22,"Jul",NA,"Total",NA,NA,NA,NA,1.2
"21NC02WQ","J1330000",1999-07-22,"Jul",NA,NA,NA,NA,NA,28.4,NA
"21NC02WQ","J1330000",1999-08-16,"Aug",NA,"Total",NA,NA,NA,NA,8.7
"21NC02WQ","J1330000",1999-08-16,"Aug",NA,NA,NA,NA,NA,28,NA
"21NC02WQ","J1330000",1999-09-20,"Sep",NA,"Total",NA,NA,NA,NA,5.3
"21NC02WQ","J1330000",1999-09-20,"Sep",NA,NA,NA,NA,NA,21,NA
"21NC02WQ","J1330000",1999-10-19,"Oct",NA,"Total",NA,NA,NA,NA,14
"21NC02WQ","J1330000",1999-10-19,"Oct",NA,NA,NA,NA,NA,17.1,NA
"21NC02WQ","J1330000",1999-11-08,"Nov",NA,"Total",NA,NA,NA,NA,2.1
"21NC02WQ","J1330000",1999-11-08,"Nov",NA,NA,NA,NA,NA,15.1,NA
"21NC02WQ","J1330000",1999-12-14,"Dec",NA,"Total",NA,NA,NA,NA,100
"21NC02WQ","J1330000",1999-12-14,"Dec",NA,NA,NA,NA,NA,15,NA
"21NC02WQ","J1330000",2000-01-12,"Jan",NA,"Total",NA,NA,NA,NA,17
"21NC02WQ","J1330000",2000-01-12,"Jan",NA,NA,NA,NA,NA,11,NA
"21NC02WQ","J1330000",2000-02-21,"Feb",NA,"Total",NA,NA,NA,NA,7.3
"21NC02WQ","J1330000",2000-02-21,"Feb",NA,NA,NA,NA,NA,10,NA
"21NC02WQ","J1330000",2000-03-03,"Mar",NA,NA,NA,NA,NA,11,NA
"21NC02WQ","J1330000",2000-03-27,"Mar",NA,"Total",NA,NA,NA,NA,4.1
"21NC02WQ","J1330000",2000-04-24,"Apr",NA,"Total",NA,NA,NA,NA,5.7
"21NC02WQ","J1330000",2000-04-24,"Apr",NA,NA,NA,NA,NA,15,NA
"21NC02WQ","J1330000",2000-06-02,"Jun",NA,"Total",NA,NA,NA,NA,4.5
"21NC02WQ","J1330000",2000-06-02,"Jun",NA,NA,NA,NA,NA,19,NA
"21NC02WQ","J1330000",2000-06-28,"Jun",NA,"Total",NA,NA,NA,NA,50
"21NC02WQ","J1330000",2000-06-28,"Jun",NA,NA,NA,NA,NA,26,NA
"21NC02WQ","J1330000",2000-07-12,"Jul",NA,"Total",NA,NA,NA,NA,45
"21NC02WQ","J1330000",2000-07-12,"Jul",NA,NA,NA,NA,NA,26,NA
"21NC02WQ","J1330000",2000-08-08,"Aug",NA,"Total",NA,NA,NA,NA,6.2
"21NC02WQ","J1330000",2000-08-17,"Aug",NA,NA,NA,NA,NA,26,NA
"21NC02WQ","J1330000",2000-09-18,"Sep",NA,"Total",NA,NA,NA,NA,3
"21NC02WQ","J1330000",2000-09-18,"Sep",NA,NA,NA,NA,NA,16,NA
"21NC02WQ","J1330000",2000-10-30,"Oct",NA,"Total",NA,NA,NA,NA,1.5
"21NC02WQ","J1330000",2000-10-30,"Oct",NA,NA,NA,NA,NA,15,NA
"21NC02WQ","J1330000",2000-11-16,"Nov",NA,"Total",NA,NA,NA,NA,2.8
"21NC02WQ","J1330000",2000-11-16,"Nov",NA,NA,NA,NA,NA,9,NA
"21NC02WQ","J1330000",2000-12-18,"Dec",NA,"Total",NA,NA,NA,NA,30
"21NC02WQ","J1330000",2000-12-18,"Dec",NA,NA,NA,NA,NA,8,NA
"21NC02WQ","J1330000",2001-01-31,"Jan",NA,"Total",NA,NA,NA,NA,13
"21NC02WQ","J1330000",2001-01-31,"Jan",NA,NA,NA,NA,NA,8,NA
"21NC02WQ","J1330000",2001-02-26,"Feb",NA,"Total",NA,NA,NA,NA,16
"21NC02WQ","J1330000",2001-02-26,"Feb",NA,NA,NA,NA,NA,10,NA
"21NC02WQ","J1330000",2001-04-24,"Apr",NA,"Total",NA,NA,NA,NA,2
"21NC02WQ","J1330000",2001-04-24,"Apr",NA,NA,NA,NA,NA,19,NA
"21NC02WQ","J1330000",2001-05-22,"May",NA,"Total",NA,NA,NA,NA,6.9
"21NC02WQ","J1330000",2001-05-22,"May",NA,NA,NA,NA,NA,22,NA
"21NC02WQ","J1330000",2001-06-20,"Jun",NA,"Total",NA,NA,NA,NA,10
"21NC02WQ","J1330000",2001-06-20,"Jun",NA,NA,NA,NA,NA,22,NA
"21NC02WQ","J1330000",2001-07-17,"Jul",NA,"Total",NA,NA,NA,NA,1.6
"21NC02WQ","J1330000",2001-07-17,"Jul",NA,NA,NA,NA,NA,26,NA
"21NC02WQ","J1330000",2001-09-26,"Sep",NA,"Total",NA,NA,NA,NA,11
"21NC02WQ","J1330000",2001-09-26,"Sep",NA,NA,NA,NA,NA,18.8,NA
"21NC02WQ","J1330000",2001-10-15,"Oct",NA,"Total",NA,NA,NA,NA,60
"21NC02WQ","J1330000",2001-10-15,"Oct",NA,NA,NA,NA,NA,18.5,NA
"21NC02WQ","J1330000",2001-11-06,"Nov",NA,"Total",NA,NA,NA,NA,2
"21NC02WQ","J1330000",2001-11-06,"Nov",NA,NA,NA,NA,NA,15,NA
"21NC02WQ","J1330000",2001-12-06,"Dec",NA,"Total",NA,NA,NA,NA,1.9
"21NC02WQ","J1330000",2001-12-06,"Dec",NA,NA,NA,NA,NA,15.6,NA
"21NC02WQ","J1330000",2002-01-29,"Jan",NA,"Total",NA,NA,NA,NA,9.4
"21NC02WQ","J1330000",2002-01-29,"Jan",NA,NA,NA,NA,NA,12.4,NA
"21NC02WQ","J1330000",2002-02-25,"Feb",NA,"Total",NA,NA,NA,NA,2.5
"21NC02WQ","J1330000",2002-02-25,"Feb",NA,NA,NA,NA,NA,10.6,NA
"21NC02WQ","J1330000",2002-03-14,"Mar",NA,"Total",NA,NA,NA,NA,6.2
"21NC02WQ","J1330000",2002-03-14,"Mar",NA,NA,NA,NA,NA,15.8,NA
"21NC02WQ","J1330000",2002-04-23,"Apr",NA,"Total",NA,NA,NA,NA,3
"21NC02WQ","J1330000",2002-05-13,"May",NA,"Total",NA,NA,NA,NA,3.8
"21NC02WQ","J1330000",2002-05-13,"May",NA,NA,NA,NA,NA,24.4,NA
"21NC02WQ","J1330000",2002-07-01,"Jul",NA,"Total",NA,NA,NA,NA,5.6
"21NC02WQ","J1330000",2002-07-01,"Jul",NA,NA,NA,NA,NA,25.6,NA
"21NC02WQ","J1330000",2002-07-15,"Jul",NA,"Total",NA,NA,NA,NA,3.6
"21NC02WQ","J1330000",2002-07-15,"Jul",NA,NA,NA,NA,NA,24.7,NA
"21NC02WQ","J1330000",2002-08-12,"Aug",NA,"Total",NA,NA,NA,NA,2.1
"21NC02WQ","J1330000",2002-08-12,"Aug",NA,NA,NA,NA,NA,27.2,NA
"21NC02WQ","J1330000",2002-10-01,"Oct",NA,"Total",NA,NA,NA,NA,2.3
"21NC02WQ","J1330000",2002-10-01,"Oct",NA,NA,NA,NA,NA,23.2,NA
"21NC02WQ","J1330000",2002-10-31,"Oct",NA,"Total",NA,NA,NA,NA,16
"21NC02WQ","J1330000",2002-10-31,"Oct",NA,NA,NA,NA,NA,14,NA
"21NC02WQ","J1330000",2002-11-14,"Nov",NA,"Total",NA,NA,NA,NA,12
"21NC02WQ","J1330000",2002-11-14,"Nov",NA,NA,NA,NA,NA,14.6,NA
"21NC02WQ","J1330000",2002-12-03,"Dec",NA,"Total",NA,NA,NA,NA,2.2
"21NC02WQ","J1330000",2002-12-03,"Dec",NA,NA,NA,NA,NA,11.3,NA
"21NC02WQ","J1330000",2003-01-08,"Jan",NA,"Total",NA,NA,NA,NA,6.1
"21NC02WQ","J1330000",2003-01-08,"Jan",NA,NA,NA,NA,NA,9,NA
"21NC02WQ","J1330000",2003-02-20,"Feb",NA,"Total",NA,NA,NA,NA,16
"21NC02WQ","J1330000",2003-02-20,"Feb",NA,NA,NA,NA,NA,8.5,NA
"21NC02WQ","J1330000",2003-03-04,"Mar",NA,"Total",NA,NA,NA,NA,13
"21NC02WQ","J1330000",2003-03-04,"Mar",NA,NA,NA,NA,NA,9.7,NA
"21NC02WQ","J1330000",2003-04-23,"Apr",NA,"Total",NA,NA,NA,NA,6.2
"21NC02WQ","J1330000",2003-04-23,"Apr",NA,NA,NA,NA,NA,15.8,NA
"21NC02WQ","J1330000",2003-05-12,"May",NA,"Total",NA,NA,NA,NA,7.2
"21NC02WQ","J1330000",2003-05-12,"May",NA,NA,NA,NA,NA,22.1,NA
"21NC02WQ","J1330000",2003-06-10,"Jun",NA,"Total",NA,NA,NA,NA,11
"21NC02WQ","J1330000",2003-06-10,"Jun",NA,NA,NA,NA,NA,24.5,NA
"21NC02WQ","J1330000",2003-07-16,"Jul",NA,"Total",NA,NA,NA,NA,7.4
"21NC02WQ","J1330000",2003-07-16,"Jul",NA,NA,NA,NA,NA,25.7,NA
"21NC02WQ","J1330000",2003-08-05,"Aug",NA,"Total",NA,NA,NA,NA,18
"21NC02WQ","J1330000",2003-08-05,"Aug",NA,NA,NA,NA,NA,27.3,NA
"21NC02WQ","J1330000",2003-09-02,"Sep",NA,"Total",NA,NA,NA,NA,2.2
"21NC02WQ","J1330000",2003-09-02,"Sep",NA,NA,NA,NA,NA,27.4,NA
"21NC02WQ","J1330000",2003-10-01,"Oct",NA,"Total",NA,NA,NA,NA,2.5
"21NC02WQ","J1330000",2003-10-01,"Oct",NA,NA,NA,NA,NA,18.4,NA
"21NC02WQ","J1330000",2003-11-03,"Nov",NA,"Total",NA,NA,NA,NA,3.4
"21NC02WQ","J1330000",2003-11-03,"Nov",NA,NA,NA,NA,NA,19.8,NA
"21NC02WQ","J1330000",2003-12-01,"Dec",NA,"Total",NA,NA,NA,NA,3.6
"21NC02WQ","J1330000",2003-12-01,"Dec",NA,NA,NA,NA,NA,11.9,NA
"21NC02WQ","J1330000",2004-01-05,"Jan",NA,"Total",NA,NA,NA,NA,4.5
"21NC02WQ","J1330000",2004-01-05,"Jan",NA,NA,NA,NA,NA,16,NA
"21NC02WQ","J1330000",2004-02-03,"Feb",NA,"Total",NA,NA,NA,NA,190
"21NC02WQ","J1330000",2004-02-03,"Feb",NA,NA,NA,NA,NA,4,NA
"21NC02WQ","J1330000",2004-03-01,"Mar",NA,"Total",NA,NA,NA,NA,6.9
"21NC02WQ","J1330000",2004-03-01,"Mar",NA,NA,NA,NA,NA,10,NA
"21NC02WQ","J1330000",2004-04-01,"Apr",NA,"Total",NA,NA,NA,NA,85
"21NC02WQ","J1330000",2004-04-01,"Apr",NA,NA,NA,NA,NA,12.9,NA
"21NC02WQ","J1330000",2004-05-06,"May",NA,"Total",NA,NA,NA,NA,15
"21NC02WQ","J1330000",2004-05-06,"May",NA,NA,NA,NA,NA,18.4,NA
"21NC02WQ","J1330000",2004-06-01,"Jun",NA,"Total",NA,NA,NA,NA,4.2
"21NC02WQ","J1330000",2004-06-01,"Jun",NA,NA,NA,NA,NA,23.5,NA
"21NC02WQ","J1330000",2004-07-06,"Jul",NA,"Total",NA,NA,NA,NA,5.3
"21NC02WQ","J1330000",2004-07-06,"Jul",NA,NA,NA,NA,NA,26.2,NA
"21NC02WQ","J1330000",2004-08-03,"Aug",NA,"Total",NA,NA,NA,NA,120
"21NC02WQ","J1330000",2004-08-03,"Aug",NA,NA,NA,NA,NA,24.9,NA
"21NC02WQ","J1330000",2004-09-07,"Sep",NA,"Total",NA,NA,NA,NA,60
"21NC02WQ","J1330000",2004-09-07,"Sep",NA,NA,NA,NA,NA,23.3,NA
"21NC02WQ","J1330000",2004-10-06,"Oct",NA,"Total",NA,NA,NA,NA,3.1
"21NC02WQ","J1330000",2004-10-06,"Oct",NA,NA,NA,NA,NA,20.6,NA
"21NC02WQ","J1330000",2004-11-15,"Nov",NA,"Total",NA,NA,NA,NA,11
"21NC02WQ","J1330000",2004-11-15,"Nov",NA,NA,NA,NA,NA,13.4,NA
"21NC02WQ","J1330000",2004-12-03,"Dec",NA,"Total",NA,NA,NA,NA,7.2
"21NC02WQ","J1330000",2004-12-03,"Dec",NA,NA,NA,NA,NA,11.1,NA
"21NC02WQ","J1330000",2005-01-11,"Jan",NA,"Total",NA,NA,NA,NA,2.8
"21NC02WQ","J1330000",2005-01-11,"Jan",NA,NA,NA,NA,NA,13,NA
"21NC02WQ","J1330000",2005-02-10,"Feb",NA,"Total",NA,NA,NA,NA,4.4
"21NC02WQ","J1330000",2005-02-10,"Feb",NA,NA,NA,NA,NA,12.3,NA
"21NC02WQ","J1330000",2005-03-09,"Mar",NA,NA,NA,NA,NA,9.6,NA
"21NC02WQ","J1330000",2005-03-23,"Mar",NA,NA,NA,NA,NA,13.7,NA
"21NC02WQ","J1330000",2005-04-03,"Apr",NA,NA,NA,NA,NA,15.9,NA
"21NC02WQ","J1330000",2005-04-18,"Apr",NA,"Total",NA,NA,NA,NA,5.2
"21NC02WQ","J1330000",2005-04-18,"Apr",NA,NA,NA,NA,NA,18.4,NA
"21NC02WQ","J1330000",2005-05-04,"May",NA,NA,NA,NA,NA,17.6,NA
"21NC02WQ","J1330000",2005-05-17,"May",NA,"Total",NA,NA,NA,NA,2.9
"21NC02WQ","J1330000",2005-05-17,"May",NA,NA,NA,NA,NA,22,NA
"21NC02WQ","J1330000",2005-06-02,"Jun",NA,NA,NA,NA,NA,18.4,NA
"21NC02WQ","J1330000",2005-06-16,"Jun",NA,"Total",NA,NA,NA,NA,4
"21NC02WQ","J1330000",2005-06-16,"Jun",NA,NA,NA,NA,NA,26.4,NA
"21NC02WQ","J1330000",2005-06-28,"Jun",NA,NA,NA,NA,NA,25.1,NA
"21NC02WQ","J1330000",2005-07-14,"Jul",NA,"Total",NA,NA,NA,NA,3.3
"21NC02WQ","J1330000",2005-07-14,"Jul",NA,NA,NA,NA,NA,27.5,NA
"21NC02WQ","J1330000",2005-07-28,"Jul",NA,NA,NA,NA,NA,26.9,NA
"21NC02WQ","J1330000",2005-08-11,"Aug",NA,NA,NA,NA,NA,25.7,NA
"21NC02WQ","J1330000",2005-08-23,"Aug",NA,"Total",NA,NA,NA,NA,17
"21NC02WQ","J1330000",2005-08-23,"Aug",NA,NA,NA,NA,NA,26.1,NA
"21NC02WQ","J1330000",2005-09-23,"Sep",NA,"Total",NA,NA,NA,NA,3.3
"21NC02WQ","J1330000",2005-09-23,"Sep",NA,NA,NA,NA,NA,23.2,NA
"21NC02WQ","J1330000",2005-10-05,"Oct",NA,"Total",NA,NA,NA,NA,1.9
"21NC02WQ","J1330000",2005-10-05,"Oct",NA,NA,NA,NA,NA,24.4,NA
"21NC02WQ","J1330000",2005-10-20,"Oct",NA,NA,NA,NA,NA,20.2,NA
"21NC02WQ","J1330000",2005-11-02,"Nov",NA,NA,NA,NA,NA,16.7,NA
"21NC02WQ","J1330000",2005-11-16,"Nov",NA,NA,NA,NA,NA,20.1,NA
"21NC02WQ","J1330000",2005-11-29,"Nov",NA,NA,NA,NA,NA,15.6,NA
"21NC02WQ","J1330000",2005-12-16,"Dec",NA,NA,NA,NA,NA,6.2,NA
"21NC02WQ","J1330000",2005-12-28,"Dec",NA,"Total",NA,NA,NA,NA,4.9
"21NC02WQ","J1330000",2005-12-28,"Dec",NA,NA,NA,NA,NA,9.5,NA
"21NC02WQ","J1330000",2006-01-11,"Jan",NA,NA,NA,NA,NA,13.7,NA
"21NC02WQ","J1330000",2006-01-26,"Jan",NA,"Total",NA,NA,NA,NA,3.6
"21NC02WQ","J1330000",2006-01-26,"Jan",NA,NA,NA,NA,NA,9.5,NA
"21NC02WQ","J1330000",2006-02-07,"Feb",NA,NA,NA,NA,NA,10.1,NA
"21NC02WQ","J1330000",2006-02-22,"Feb",NA,"Total",NA,NA,NA,NA,4.9
"21NC02WQ","J1330000",2006-02-22,"Feb",NA,NA,NA,NA,NA,10.6,NA
"21NC02WQ","J1330000",2006-03-08,"Mar",NA,NA,NA,NA,NA,12.9,NA
"21NC02WQ","J1330000",2006-03-22,"Mar",NA,"Total",NA,NA,NA,NA,9
"21NC02WQ","J1330000",2006-03-22,"Mar",NA,NA,NA,NA,NA,14.9,NA
"21NC02WQ","J1330000",2006-04-04,"Apr",NA,NA,NA,NA,NA,16.9,NA
"21NC02WQ","J1330000",2006-04-18,"Apr",NA,"Total",NA,NA,NA,NA,7.6
"21NC02WQ","J1330000",2006-04-18,"Apr",NA,NA,NA,NA,NA,19.3,NA
"21NC02WQ","J1330000",2006-05-11,"May",NA,NA,NA,NA,NA,20.2,NA
"21NC02WQ","J1330000",2006-05-18,"May",NA,"Total",NA,NA,NA,NA,4.6
"21NC02WQ","J1330000",2006-05-18,"May",NA,NA,NA,NA,NA,20.2,NA
"21NC02WQ","J1330000",2006-06-02,"Jun",NA,NA,NA,NA,NA,24.5,NA
"21NC02WQ","J1330000",2006-06-15,"Jun",NA,"Total",NA,NA,NA,NA,50
"21NC02WQ","J1330000",2006-06-15,"Jun",NA,NA,NA,NA,NA,19.9,NA
"21NC02WQ","J1330000",2006-06-28,"Jun",NA,NA,NA,NA,NA,24.2,NA
"21NC02WQ","J1330000",2006-07-13,"Jul",NA,"Total",NA,NA,NA,NA,2.2
"21NC02WQ","J1330000",2006-07-13,"Jul",NA,NA,NA,NA,NA,26.7,NA
"21NC02WQ","J1330000",2006-07-28,"Jul",NA,NA,NA,NA,NA,25.3,NA
"21NC02WQ","J1330000",2006-08-10,"Aug",NA,"Total",NA,NA,NA,NA,5.3
"21NC02WQ","J1330000",2006-08-10,"Aug",NA,NA,NA,NA,NA,27,NA
"21NC02WQ","J1330000",2006-08-24,"Aug",NA,NA,NA,NA,NA,26.1,NA
"21NC02WQ","J1330000",2006-09-07,"Sep",NA,"Total",NA,NA,NA,NA,11
"21NC02WQ","J1330000",2006-09-07,"Sep",NA,NA,NA,NA,NA,23.2,NA
"21NC02WQ","J1330000",2006-09-20,"Sep",NA,NA,NA,NA,NA,22.1,NA
"21NC02WQ","J1330000",2006-10-05,"Oct",NA,"Total",NA,NA,NA,NA,1.7
"21NC02WQ","J1330000",2006-10-05,"Oct",NA,NA,NA,NA,NA,24,NA
"21NC02WQ","J1330000",2006-10-19,"Oct",NA,NA,NA,NA,NA,20.3,NA
"21NC02WQ","J1330000",2006-11-03,"Nov",NA,"Total",NA,NA,NA,NA,1.8
"21NC02WQ","J1330000",2006-11-03,"Nov",NA,NA,NA,NA,NA,13.2,NA
"21NC02WQ","J1330000",2006-11-14,"Nov",NA,NA,NA,NA,NA,15,NA
"21NC02WQ","J1330000",2006-11-28,"Nov",NA,NA,NA,NA,NA,13.8,NA
"21NC02WQ","J1330000",2006-12-17,"Dec",NA,"Total",NA,NA,NA,NA,3.3
"21NC02WQ","J1330000",2006-12-17,"Dec",NA,NA,NA,NA,NA,13.5,NA
"21NC02WQ","J1330000",2006-12-27,"Dec",NA,NA,NA,NA,NA,11.1,NA
"21NC02WQ","J1330000",2007-01-10,"Jan",NA,"Total",NA,NA,NA,NA,16
"21NC02WQ","J1330000",2007-01-10,"Jan",NA,NA,NA,NA,NA,9.5,NA
"21NC02WQ","J1330000",2007-01-29,"Jan",NA,NA,NA,NA,NA,6.1,NA
"21NC02WQ","J1330000",2007-02-06,"Feb",NA,"Total",NA,NA,NA,NA,4.2
"21NC02WQ","J1330000",2007-02-06,"Feb",NA,NA,NA,NA,NA,7.8,NA
"21NC02WQ","J1330000",2007-02-20,"Feb",NA,NA,NA,NA,NA,10.3,NA
"21NC02WQ","J1330000",2007-03-08,"Mar",NA,"Total",NA,NA,NA,NA,7.4
"21NC02WQ","J1330000",2007-03-08,"Mar",NA,NA,NA,NA,NA,13.3,NA
"21NC02WQ","J1330000",2007-03-20,"Mar",NA,NA,NA,NA,NA,12,NA
"21NC02WQ","J1330000",2007-04-10,"Apr",NA,"Total",NA,NA,NA,NA,3.2
"21NC02WQ","J1330000",2007-04-10,"Apr",NA,NA,NA,NA,NA,17.9,NA
"21NC02WQ","J1330000",2007-04-18,"Apr",NA,NA,NA,NA,NA,15.9,NA
"21NC02WQ","J1330000",2007-05-02,"May",NA,"Total",NA,NA,NA,NA,3.4
"21NC02WQ","J1330000",2007-05-02,"May",NA,NA,NA,NA,NA,21.4,NA
"21NC02WQ","J1330000",2007-05-18,"May",NA,NA,NA,NA,NA,18.7,NA
"21NC02WQ","J1330000",2007-06-04,"Jun",NA,NA,NA,NA,NA,22,NA
"21NC02WQ","J1330000",2007-06-20,"Jun",NA,"Total",NA,NA,NA,NA,2.3
"21NC02WQ","J1330000",2007-06-20,"Jun",NA,NA,NA,NA,NA,23.7,NA
"21NC02WQ","J1330000",2007-07-01,"Jul",NA,NA,NA,NA,NA,27.3,NA
"21NC02WQ","J1330000",2007-07-17,"Jul",NA,"Total",NA,NA,NA,NA,1.7
"21NC02WQ","J1330000",2007-07-17,"Jul",NA,NA,NA,NA,NA,25.7,NA
"21NC02WQ","J1330000",2007-08-01,"Aug",NA,NA,NA,NA,NA,28.2,NA
"21NC02WQ","J1330000",2007-08-09,"Aug",NA,"Total",NA,NA,NA,NA,2.3
"21NC02WQ","J1330000",2007-08-09,"Aug",NA,NA,NA,NA,NA,27.8,NA
"21NC02WQ","J1330000",2007-09-04,"Sep",NA,"Total",NA,NA,NA,NA,1.8
"21NC02WQ","J1330000",2007-09-04,"Sep",NA,NA,NA,NA,NA,25.2,NA
"21NC02WQ","J1330000",2007-09-20,"Sep",NA,NA,NA,NA,NA,21,NA
"21NC02WQ","J1330000",2007-10-31,"Oct",NA,"Total",NA,NA,NA,NA,3.5
"21NC02WQ","J1330000",2007-10-31,"Oct",NA,NA,NA,NA,NA,14.8,NA
"21NC03WQ","J1330000",2008-01-28,"Jan",NA,"Total",NA,NA,0.78,NA,NA
"21NC03WQ","J1330000",2008-01-28,"Jan",NA,NA,NA,NA,NA,9.6,2.1
"21NC03WQ","J1330000",2008-04-30,"Apr",NA,"Total",NA,NA,0.2,NA,NA
"21NC03WQ","J1330000",2008-04-30,"Apr",NA,NA,NA,NA,NA,16.1,16
"21NC03WQ","J1330000",2008-05-27,"May",NA,"Total",NA,NA,0.14,NA,NA
"21NC03WQ","J1330000",2008-05-27,"May",NA,NA,NA,NA,NA,23.9,8.7
"21NC03WQ","J1330000",2008-06-25,"Jun",NA,"Total",NA,NA,0.1,NA,NA
"21NC03WQ","J1330000",2008-06-25,"Jun",NA,NA,NA,NA,NA,26.5,6.5
"21NC03WQ","J1330000",2008-07-28,"Jul",NA,"Total",NA,NA,0.1,NA,NA
"21NC03WQ","J1330000",2008-07-28,"Jul",NA,NA,NA,NA,NA,27.4,7.3
"21NC03WQ","J1330000",2008-08-18,"Aug",NA,"Total",NA,NA,0.11,NA,NA
"21NC03WQ","J1330000",2008-08-18,"Aug",NA,NA,NA,NA,NA,25.3,14
"21NC03WQ","J1330000",2008-09-04,"Sep",NA,"Total",NA,NA,0.09,NA,NA
"21NC03WQ","J1330000",2008-09-04,"Sep",NA,NA,NA,NA,NA,24.7,4.9
"21NC03WQ","J1330000",2008-10-16,"Oct",NA,"Total",NA,NA,0.08,NA,NA
"21NC03WQ","J1330000",2008-10-16,"Oct",NA,NA,NA,NA,NA,20.8,1.9
"21NC03WQ","J1330000",2008-11-05,"Nov",NA,"Total",NA,NA,0.11,NA,NA
"21NC03WQ","J1330000",2008-11-05,"Nov",NA,NA,NA,NA,NA,16.7,21
"21NC03WQ","J1330000",2008-12-03,"Dec",NA,"Total",NA,NA,0.07,NA,NA
"21NC03WQ","J1330000",2008-12-03,"Dec",NA,NA,NA,NA,NA,9.7,8.7
"21NC03WQ","J1330000",2009-01-05,"Jan",NA,"Total",NA,NA,0.08,NA,NA
"21NC03WQ","J1330000",2009-01-05,"Jan",NA,NA,NA,NA,NA,12.7,24
"21NC03WQ","J1330000",2009-02-05,"Feb",NA,"Total",NA,NA,0.05,NA,NA
"21NC03WQ","J1330000",2009-02-05,"Feb",NA,NA,NA,NA,NA,7,5.2
"21NC03WQ","J1330000",2009-03-10,"Mar",NA,"Total",NA,NA,0.1,NA,NA
"21NC03WQ","J1330000",2009-03-10,"Mar",NA,NA,NA,NA,NA,15.3,4.9
"21NC03WQ","J1330000",2009-04-07,"Apr",NA,"Total",NA,NA,0.08,NA,NA
"21NC03WQ","J1330000",2009-04-07,"Apr",NA,NA,NA,NA,NA,14.1,13
"21NC03WQ","J1330000",2009-05-07,"May",NA,"Total",NA,NA,0.2,NA,NA
"21NC03WQ","J1330000",2009-05-07,"May",NA,NA,NA,NA,NA,21.5,65
"21NC03WQ","J1330000",2009-06-04,"Jun",NA,"Total",NA,NA,0.09,NA,NA
"21NC03WQ","J1330000",2009-06-04,"Jun",NA,NA,NA,NA,NA,24.4,7.1
"21NC03WQ","J1330000",2009-07-08,"Jul",NA,"Total",NA,NA,0.2,NA,NA
"21NC03WQ","J1330000",2009-07-08,"Jul",NA,NA,NA,NA,NA,27,4.7
"21NC03WQ","J1330000",2009-10-21,"Oct",NA,"Total",NA,NA,0.26,NA,NA
"21NC03WQ","J1330000",2009-10-21,"Oct",NA,NA,NA,NA,NA,17.5,1.8
"21NC03WQ","J1330000",2010-01-21,"Jan",NA,"Total",NA,NA,0.23,NA,NA
"21NC03WQ","J1330000",2010-01-21,"Jan",NA,NA,NA,NA,NA,9.4,8.4
"21NC03WQ","J1330000",2010-04-08,"Apr",NA,"Total",NA,NA,0.1,NA,NA
"21NC03WQ","J1330000",2010-04-08,"Apr",NA,NA,NA,NA,NA,21.7,4.1
"21NC03WQ","J1330000",2010-07-14,"Jul",NA,"Total",NA,NA,0.35,NA,NA
"21NC03WQ","J1330000",2010-07-14,"Jul",NA,NA,NA,NA,NA,27.5,32
"21NC03WQ","J1330000",2010-10-26,"Oct",NA,"Total",NA,NA,0.32,NA,NA
"21NC03WQ","J1330000",2010-10-26,"Oct",NA,NA,NA,NA,NA,18.9,85
"21NC03WQ","J1330000",2011-01-05,"Jan",NA,"Total",NA,NA,0.07,NA,NA
"21NC03WQ","J1330000",2011-01-05,"Jan",NA,NA,NA,NA,NA,9.1,4.1
"21NC03WQ","J1330000",2011-04-06,"Apr",NA,"Total",NA,NA,0.08,NA,NA
"21NC03WQ","J1330000",2011-04-06,"Apr",NA,NA,NA,NA,NA,13.2,9.4
"21NC03WQ","J1330000",2011-07-11,"Jul",NA,"Total",NA,NA,0.15,NA,NA
"21NC03WQ","J1330000",2011-07-11,"Jul",NA,NA,NA,NA,NA,27.3,8.6
"21NC03WQ","J1330000",2011-10-17,"Oct",NA,"Total",NA,NA,0.18,NA,NA
"21NC03WQ","J1330000",2011-10-17,"Oct",NA,NA,NA,NA,NA,20,1
"21NC03WQ","J1330000",2012-01-09,"Jan",NA,"Total",NA,NA,0.08,NA,NA
"21NC03WQ","J1330000",2012-01-09,"Jan",NA,NA,NA,NA,NA,12.4,1.9
"21NC03WQ","J1330000",2012-04-10,"Apr",NA,"Total",NA,NA,0.13,NA,NA
"21NC03WQ","J1330000",2012-04-10,"Apr",NA,NA,NA,NA,NA,18.6,5.2
"21NC03WQ","J1330000",2012-07-18,"Jul",NA,"Total",NA,NA,0.17,NA,NA
"21NC03WQ","J1330000",2012-07-18,"Jul",NA,NA,NA,NA,NA,29,7.2
"21NC03WQ","J1330000",2012-08-07,"Aug",NA,"Total",NA,NA,0.28,NA,NA
"21NC03WQ","J1330000",2012-08-07,"Aug",NA,NA,NA,NA,NA,27.1,7.4
"21NC03WQ","J1330000",2012-09-25,"Sep",NA,"Total",NA,NA,0.1,NA,NA
"21NC03WQ","J1330000",2012-09-25,"Sep",NA,NA,NA,NA,NA,20.1,3.7
"21NC03WQ","J1330000",2012-10-08,"Oct",NA,"Total",NA,NA,0.27,NA,NA
"21NC03WQ","J1330000",2012-10-08,"Oct",NA,NA,NA,NA,NA,17.1,17
"21NC03WQ","J1330000",2012-11-26,"Nov",NA,"Total",NA,NA,0.1,NA,NA
"21NC03WQ","J1330000",2012-11-26,"Nov",NA,NA,NA,NA,NA,12,1.3
"21NC03WQ","J1330000",2012-12-04,"Dec",NA,"Total",NA,NA,0.07,NA,NA
"21NC03WQ","J1330000",2012-12-04,"Dec",NA,NA,NA,NA,NA,15.7,1.4
"21NC03WQ","J1330000",2013-01-09,"Jan",NA,"Total",NA,NA,0.1,NA,NA
"21NC03WQ","J1330000",2013-01-09,"Jan",NA,NA,NA,NA,NA,11.9,4.3
"21NC03WQ","J1330000",2013-02-20,"Feb",NA,"Total",NA,NA,0.09,NA,NA
"21NC03WQ","J1330000",2013-02-20,"Feb",NA,NA,NA,NA,NA,8.6,15
"21NC03WQ","J1330000",2013-03-18,"Mar",NA,"Total",NA,NA,0.22,NA,NA
"21NC03WQ","J1330000",2013-03-18,"Mar",NA,NA,NA,NA,NA,11.2,4.1
"21NC03WQ","J1330000",2013-04-04,"Apr",NA,"Total",NA,NA,0.28,NA,NA
"21NC03WQ","J1330000",2013-04-04,"Apr",NA,NA,NA,NA,NA,12.5,5.5
"21NC03WQ","J1330000",2013-05-09,"May",NA,"Total",NA,NA,0.12,NA,NA
"21NC03WQ","J1330000",2013-05-09,"May",NA,NA,NA,NA,NA,18.1,18
"21NC03WQ","J1330000",2013-06-06,"Jun",NA,"Total",NA,NA,0.24,NA,NA
"21NC03WQ","J1330000",2013-06-06,"Jun",NA,NA,NA,NA,NA,21.9,11
"21NC03WQ","J1330000",2013-07-15,"Jul",NA,"Total",NA,NA,0.17,NA,NA
"21NC03WQ","J1330000",2013-07-15,"Jul",NA,NA,NA,NA,NA,25.1,8
"21NC03WQ","J1330000",2013-08-13,"Aug",NA,"Total",NA,NA,0.26,NA,NA
"21NC03WQ","J1330000",2013-08-13,"Aug",NA,NA,NA,NA,NA,25.3,75
"21NC03WQ","J1330000",2013-09-09,"Sep",NA,"Total",NA,NA,0.14,NA,NA
"21NC03WQ","J1330000",2013-09-09,"Sep",NA,NA,NA,NA,NA,23.6,1.5
"21NC03WQ","J1330000",2013-10-23,"Oct",NA,"Total",NA,NA,0.08,NA,NA
"21NC03WQ","J1330000",2013-10-23,"Oct",NA,NA,NA,NA,NA,19,NA
"21NC03WQ","J1330000",2013-11-12,"Nov",NA,"Total",NA,NA,0.08,NA,NA
"21NC03WQ","J1330000",2013-11-12,"Nov",NA,NA,NA,NA,NA,14.1,4.5
"21NC03WQ","J1330000",2013-12-09,"Dec",NA,"Total",NA,NA,0.08,NA,NA
"21NC03WQ","J1330000",2013-12-09,"Dec",NA,NA,NA,NA,NA,11.1,5.7
"21NC03WQ","J1330000",2014-01-22,"Jan",NA,"Total",NA,NA,0.07,NA,NA
"21NC03WQ","J1330000",2014-01-22,"Jan",NA,NA,NA,NA,NA,7.5,6.2
"21NC03WQ","J1330000",2014-02-20,"Feb",NA,"Total",NA,NA,0.1,NA,NA
"21NC03WQ","J1330000",2014-02-20,"Feb",NA,NA,NA,NA,NA,11.9,19
"21NC03WQ","J1330000",2014-03-31,"Mar",NA,"Total",NA,NA,0.09,NA,NA
"21NC03WQ","J1330000",2014-03-31,"Mar",NA,NA,NA,NA,NA,13.6,14
"21NC03WQ","J1330000",2014-04-24,"Apr",NA,"Total",NA,NA,0.06,NA,NA
"21NC03WQ","J1330000",2014-04-24,"Apr",NA,NA,NA,NA,NA,19.7,4.6
"21NC03WQ","J1330000",2014-05-13,"May",NA,"Total",NA,NA,0.14,NA,NA
"21NC03WQ","J1330000",2014-05-13,"May",NA,NA,NA,NA,NA,25.1,3.5
"21NC03WQ","J1330000",2014-06-11,"Jun",NA,"Total",NA,NA,0.11,NA,NA
"21NC03WQ","J1330000",2014-06-11,"Jun",NA,NA,NA,NA,NA,26.9,6.5
"21NC03WQ","J1330000",2014-07-08,"Jul",NA,"Total",NA,NA,0.15,NA,NA
"21NC03WQ","J1330000",2014-07-08,"Jul",NA,NA,NA,NA,NA,24.4,2.5
"21NC03WQ","J1330000",2014-09-15,"Sep",NA,"Total",NA,NA,0.14,NA,NA
"21NC03WQ","J1330000",2014-09-15,"Sep",NA,NA,NA,NA,NA,25.7,2
"21NC03WQ","J1330000",2014-10-02,"Oct",NA,"Total",NA,NA,0.11,NA,NA
"21NC03WQ","J1330000",2014-10-02,"Oct",NA,NA,NA,NA,NA,22,2.2
"21NC03WQ","J1330000",2014-11-03,"Nov",NA,"Total",NA,NA,0.08,NA,NA
"21NC03WQ","J1330000",2014-11-03,"Nov",NA,NA,NA,NA,NA,15.3,1.9
"21NC03WQ","J1330000",2014-12-08,"Dec",NA,"Total",NA,NA,0.06,NA,NA
"21NC03WQ","J1330000",2014-12-08,"Dec",NA,NA,NA,NA,NA,11.6,3.8
"21NC03WQ","J1330000",2015-01-15,"Jan",NA,"Total",NA,NA,0.08,NA,NA
"21NC03WQ","J1330000",2015-01-15,"Jan",NA,NA,NA,NA,NA,7.5,17
"21NC03WQ","J1330000",2015-02-09,"Feb",NA,"Total",NA,NA,0.06,NA,NA
"21NC03WQ","J1330000",2015-02-09,"Feb",NA,NA,NA,NA,NA,12.1,3.8
"21NC03WQ","J1330000",2015-03-17,"Mar",NA,"Total",NA,NA,0.05,NA,NA
"21NC03WQ","J1330000",2015-03-17,"Mar",NA,NA,NA,NA,NA,1438,6
"21NC03WQ","J1330000",2015-04-22,"Apr",NA,"Total",NA,NA,0.23,NA,NA
"21NC03WQ","J1330000",2015-04-22,"Apr",NA,NA,NA,NA,NA,17.7,21
"21NC03WQ","J1330000",2015-05-07,"May",NA,"Total",NA,NA,0.09,NA,NA
"21NC03WQ","J1330000",2015-05-07,"May",NA,NA,NA,NA,NA,20.3,4.6
"21NC03WQ","J1330000",2015-06-16,"Jun",NA,"Total",NA,NA,0.12,NA,NA
"21NC03WQ","J1330000",2015-06-16,"Jun",NA,NA,NA,NA,NA,26.8,2.7
"21NC03WQ","J1330000",2015-07-15,"Jul",NA,"Total",NA,NA,0.11,NA,NA
"21NC03WQ","J1330000",2015-07-15,"Jul",NA,NA,NA,NA,NA,25.9,4.3
"21NC03WQ","J1330000",2015-08-05,"Aug",NA,"Total",NA,NA,0.13,NA,NA
"21NC03WQ","J1330000",2015-08-05,"Aug",NA,NA,NA,NA,NA,26.7,2
"21NC03WQ","J1330000",2015-09-09,"Sep",NA,"Total",NA,NA,0.09,NA,NA
"21NC03WQ","J1330000",2015-09-09,"Sep",NA,NA,NA,NA,NA,25.2,1.3
"21NC03WQ","J1330000",2015-10-26,"Oct",NA,"Total",NA,NA,0.08,NA,NA
"21NC03WQ","J1330000",2015-10-26,"Oct",NA,NA,NA,NA,NA,18.3,1.1
"21NC03WQ","J1330000",2015-12-01,"Dec",NA,"Total",NA,NA,0.13,NA,NA
"21NC03WQ","J1330000",2015-12-01,"Dec",NA,NA,NA,NA,NA,12.6,40
"21NC03WQ","J1330000",2016-01-13,"Jan",NA,NA,NA,NA,NA,9.4,7.6
"21NC03WQ","J1330000",2016-02-09,"Feb",NA,"Total",NA,NA,0.04,NA,NA
"21NC03WQ","J1330000",2016-02-09,"Feb",NA,NA,NA,NA,NA,10.2,6.9
"21NC03WQ","J1330000",2016-03-09,"Mar",NA,"Total",NA,NA,0.06,NA,NA
"21NC03WQ","J1330000",2016-03-09,"Mar",NA,NA,NA,NA,NA,17.4,4.8
"21NC03WQ","J1330000",2016-04-13,"Apr",NA,"Total",NA,NA,0.13,NA,NA
"21NC03WQ","J1330000",2016-04-13,"Apr",NA,NA,NA,NA,NA,17.6,23
"21NC03WQ","J1330000",2016-05-12,"May",NA,"Total",NA,NA,0.08,NA,NA
"21NC03WQ","J1330000",2016-05-12,"May",NA,NA,NA,NA,NA,21.3,5.1
"21NC03WQ","J1330000",2016-06-14,"Jun",NA,"Total",NA,NA,0.06,NA,NA
"21NC03WQ","J1330000",2016-06-14,"Jun",NA,NA,NA,NA,NA,24.3,3.2
"21NC03WQ","J1330000",2016-07-12,"Jul",NA,"Total",NA,NA,0.07,NA,NA
"21NC03WQ","J1330000",2016-07-12,"Jul",NA,NA,NA,NA,NA,25.7,8.2
"21NC03WQ","J1330000",2016-08-11,"Aug",NA,"Total",NA,NA,0.08,NA,NA
"21NC03WQ","J1330000",2016-08-11,"Aug",NA,NA,NA,NA,NA,26,3.9
"21NC03WQ","J1330000",2016-09-08,"Sep",NA,"Total",NA,NA,0.15,NA,NA
"21NC03WQ","J1330000",2016-09-08,"Sep",NA,NA,NA,NA,NA,25.9,2.8
"21NC03WQ","J1330000",2016-10-11,"Oct",NA,"Total",NA,NA,0.18,NA,NA
"21NC03WQ","J1330000",2016-10-11,"Oct",NA,NA,NA,NA,NA,16.9,14
"21NC03WQ","J1330000",2016-11-08,"Nov",NA,"Total",NA,NA,0.08,NA,NA
"21NC03WQ","J1330000",2016-11-08,"Nov",NA,NA,NA,NA,NA,15.5,1.4
"21NC03WQ","J1330000",2016-12-14,"Dec",NA,"Total",NA,NA,0.1,NA,NA
"21NC03WQ","J1330000",2016-12-14,"Dec",NA,NA,NA,NA,NA,13.3,1.5
"21NC03WQ","J1330000",2017-01-25,"Jan",NA,"Total",NA,NA,0.4,NA,NA
"21NC03WQ","J1330000",2017-01-25,"Jan",NA,NA,NA,NA,NA,12.2,15
"21NC03WQ","J1330000",2017-02-13,"Feb",NA,"Total",NA,NA,0.06,NA,NA
"21NC03WQ","J1330000",2017-02-13,"Feb",NA,NA,NA,NA,NA,12.8,3.6
"21NC03WQ","J1330000",2017-03-07,"Mar",NA,"Total",NA,NA,0.07,NA,NA
"21NC03WQ","J1330000",2017-03-07,"Mar",NA,NA,NA,NA,NA,15.1,8.2
"21NC03WQ","J1330000",2017-04-19,"Apr",NA,"Total",NA,NA,0.12,NA,NA
"21NC03WQ","J1330000",2017-04-19,"Apr",NA,NA,NA,NA,NA,18.1,2.1
"21NC03WQ","J1330000",2017-05-30,"May",NA,"Total",NA,NA,0.09,NA,NA
"21NC03WQ","J1330000",2017-05-30,"May",NA,NA,NA,NA,NA,22.7,12
"21NC03WQ","J1330000",2017-06-28,"Jun",NA,"Total",NA,NA,0.09,NA,NA
"21NC03WQ","J1330000",2017-06-28,"Jun",NA,NA,NA,NA,NA,NA,4.7
"21NC03WQ","J1330000",2017-07-31,"Jul",NA,"Total",NA,NA,0.12,NA,NA
"21NC03WQ","J1330000",2017-07-31,"Jul",NA,NA,NA,NA,NA,22.5,3.1
"21NC03WQ","J1330000",2017-08-31,"Aug",NA,"Total",NA,NA,0.12,NA,NA
"21NC03WQ","J1330000",2017-08-31,"Aug",NA,NA,NA,NA,NA,24.3,4.1
"21NC03WQ","J1330000",2017-09-28,"Sep",NA,"Total",NA,NA,0.11,NA,NA
"21NC03WQ","J1330000",2017-09-28,"Sep",NA,NA,NA,NA,NA,23.7,1
"21NC03WQ","J1330000",2017-10-26,"Oct",NA,"Total",NA,NA,0.08,NA,NA
"21NC03WQ","J1330000",2017-10-26,"Oct",NA,NA,NA,NA,NA,16.9,5.6
"21NC03WQ","J1330000",2017-11-21,"Nov",NA,"Total",NA,NA,0.05,NA,NA
"21NC03WQ","J1330000",2017-11-21,"Nov",NA,NA,NA,NA,NA,13.3,1.2
"21NC03WQ","J1330000",2017-12-13,"Dec",NA,"Total",NA,NA,0.05,NA,NA
"21NC03WQ","J1330000",2017-12-13,"Dec",NA,NA,NA,NA,NA,9.4,2
"21NC03WQ","J1330000",2018-01-25,"Jan",NA,"Total",NA,NA,0.1,NA,NA
"21NC03WQ","J1330000",2018-01-25,"Jan",NA,NA,NA,NA,NA,NA,11
"21NC03WQ","J1330000",2018-02-15,"Feb",NA,"Total",NA,NA,0.05,NA,NA
"21NC03WQ","J1330000",2018-02-15,"Feb",NA,NA,NA,NA,NA,NA,4.5
"21NC03WQ","J1330000",2018-02-20,"Feb",NA,NA,NA,NA,NA,9.9,NA
"21NC03WQ","J1330000",2018-03-19,"Mar",NA,"Total",NA,NA,0.04,NA,NA
"21NC03WQ","J1330000",2018-03-19,"Mar",NA,NA,NA,NA,NA,14.85,2.7
"21NC03WQ","J1330000",2018-04-18,"Apr",NA,NA,NA,NA,NA,16.3,NA
"21NC03WQ","J1330000",2018-06-04,"Jun",NA,"Total",NA,NA,0.07,NA,NA
"21NC03WQ","J1330000",2018-06-04,"Jun",NA,NA,NA,NA,NA,25.2,8.8
"21NC03WQ","J1330000",2018-06-27,"Jun",NA,"Total",NA,NA,0.1,NA,NA
"21NC03WQ","J1330000",2018-06-27,"Jun",NA,NA,NA,NA,NA,24.1,23
"21NC03WQ","J1330000",2018-07-26,"Jul",NA,"Total",NA,NA,0.1,NA,NA
"21NC03WQ","J1330000",2018-07-26,"Jul",NA,NA,NA,NA,NA,27.2,34
"21NC03WQ","J1330000",2018-08-16,"Aug",NA,"Total",NA,NA,0.08,NA,NA
"21NC03WQ","J1330000",2018-08-16,"Aug",NA,NA,NA,NA,NA,27.1,4.2
"21NC03WQ","J1330000",2018-10-25,"Oct",NA,"Total",NA,NA,0.06,NA,NA
"21NC03WQ","J1330000",2018-10-25,"Oct",NA,NA,NA,NA,NA,14.8,3.5
"21NC03WQ","J1330000",2018-11-19,"Nov",NA,"Total",NA,NA,0.06,NA,NA
"21NC03WQ","J1330000",2018-11-19,"Nov",NA,NA,NA,NA,NA,13.3,8.2
"21NC03WQ","J1330000",2018-12-17,"Dec",NA,"Total",NA,NA,0.06,NA,NA
"21NC03WQ","J1330000",2018-12-17,"Dec",NA,NA,NA,NA,NA,11.3,13
"USGS","0208675009",2016-10-08,"Oct","Storm","Total",NA,1.35,0.2865,NA,119.5
"USGS","0208675009",2016-10-08,"Oct","Storm",NA,NA,NA,NA,20.15,NA
"USGS","0208675009",2016-12-06,"Dec","Storm","Total",NA,0.64,0.099,NA,20
"USGS","0208675009",2016-12-06,"Dec","Storm",NA,NA,NA,NA,10.4,NA
"USGS","0208675009",2017-01-02,"Jan","Routine sample","Total",NA,1.1,0.213,NA,NA
"USGS","0208675009",2017-01-23,"Jan","Storm","Total",NA,1.7,0.371,NA,170
"USGS","0208675009",2017-02-09,"Feb","Storm","Total",NA,0.95,0.159,NA,85
"USGS","0208675009",2017-03-01,"Mar","Storm","Total",NA,2.2,0.516,NA,230
"USGS","0208675009",2017-03-14,"Mar","Storm","Total",NA,1,0.157,NA,56
"USGS","0208675009",2017-04-25,"Apr","Storm","Total",NA,1.2,0.282,NA,100
"USGS","0208675009",2017-05-05,"May","Storm","Total",NA,2.2,0.74,NA,470
"USGS","0208675009",2017-05-24,"May","Storm","Total",NA,1.1,0.215,NA,84
"USGS","0208675009",2017-05-25,"May","Storm","Total",NA,1.4,0.413,NA,190
"USGS","0208675009",2017-06-05,"Jun","Storm","Total",NA,1.2,0.276,NA,150
"USGS","0208675009",2017-06-17,"Jun","Storm","Total",NA,1.8,0.46,NA,280
"USGS","0208675009",2017-06-20,"Jun","Storm","Total",NA,1.3,0.263,NA,120
"USGS","0208675009",2017-06-26,"Jun","Routine sample","Total",NA,0.76,0.092,NA,7
"USGS","0208675009",2017-07-08,"Jul","Storm","Total",NA,1.2,0.173,NA,66
"USGS","0208675009",2017-08-13,"Aug","Storm","Total",NA,1.4,0.27,NA,210
"USGS","0208675009",2017-09-01,"Sep","Storm","Total",NA,1.8,0.437,NA,260
"USGS","0208675009",2017-10-11,"Oct","Storm","Total",NA,1.3,0.236,NA,56
"USGS","0208675009",2017-10-23,"Oct","Storm","Total",NA,2.3,0.554,NA,360
"USGS","0208675009",2017-11-13,"Nov","Storm","Total",NA,1.3,0.371,NA,170
"USGS","0208675009",2017-12-08,"Dec","Storm","Total",NA,1.1,0.274,NA,110
"USGS","0208675009",2017-12-21,"Dec","Routine sample","Total",NA,0.48,0.092,NA,16
"USGS","0208675009",2018-01-12,"Jan","Storm","Total",NA,1.3,0.254,NA,210
"USGS","0208675010",2011-07-20,"Jul","Routine sample","Total",NA,0.37,0.039,NA,NA
"USGS","0208675010",2011-07-20,"Jul","Routine sample",NA,NA,NA,NA,27.6,NA
"USGS","0208675010",2011-09-02,"Sep","Routine sample","Total",NA,0.44,0.056,NA,NA
"USGS","0208675010",2011-09-02,"Sep","Routine sample",NA,NA,NA,NA,25.8,NA
"USGS","0208675010",2011-09-28,"Sep","Routine sample","Total",NA,0.77,0.128,NA,23
"USGS","0208675010",2011-09-28,"Sep","Routine sample",NA,NA,NA,NA,23.6,NA
"USGS","0208675010",2011-10-26,"Oct","Routine sample","Total",NA,NA,0.046,NA,4.4
"USGS","0208675010",2011-10-26,"Oct","Routine sample",NA,NA,NA,NA,14.2,NA
"USGS","0208675010",2011-11-28,"Nov","Routine sample","Total",NA,NA,0.057,NA,4
"USGS","0208675010",2011-11-28,"Nov","Routine sample",NA,NA,NA,NA,13.6,NA
"USGS","0208675010",2011-12-29,"Dec","Routine sample","Total",NA,0.71,0.092,NA,12
"USGS","0208675010",2011-12-29,"Dec","Routine sample",NA,NA,NA,NA,7.1,NA
"USGS","0208675010",2012-01-30,"Jan","Routine sample","Total",NA,0.53,0.059,NA,16
"USGS","0208675010",2012-01-30,"Jan","Routine sample",NA,NA,NA,NA,7.4,NA
"USGS","0208675010",2012-02-23,"Feb","Routine sample","Total",NA,0.77,0.072,NA,30
"USGS","0208675010",2012-02-23,"Feb","Routine sample",NA,NA,NA,NA,10.8,NA
"USGS","0208675010",2012-03-30,"Mar","Routine sample","Total",NA,0.6,0.061,NA,5
"USGS","0208675010",2012-03-30,"Mar","Routine sample",NA,NA,NA,NA,17.7,NA
"USGS","0208675010",2012-04-25,"Apr","Routine sample","Total",NA,0.76,0.076,NA,6.7
"USGS","0208675010",2012-04-25,"Apr","Routine sample",NA,NA,NA,NA,14.3,NA
"USGS","0208675010",2012-05-30,"May","Routine sample","Total",NA,0.63,0.096,NA,6
"USGS","0208675010",2012-05-30,"May","Routine sample",NA,NA,NA,NA,24.7,NA
"USGS","0208675010",2012-06-29,"Jun","Routine sample","Total",NA,NA,0.074,NA,NA
"USGS","0208675010",2012-06-29,"Jun","Routine sample",NA,NA,NA,NA,29.1,NA
"USGS","02086849",1982-11-17,"Nov","Routine sample","Dissolved",NA,25,2.5,NA,NA
"USGS","02086849",1982-11-17,"Nov","Routine sample","Total",0.49,68,5.7,NA,NA
"USGS","02086849",1982-11-17,"Nov","Routine sample",NA,NA,NA,NA,9.5,NA
"USGS","02086849",1982-12-16,"Dec","Routine sample","Dissolved",NA,2,0.18,NA,NA
"USGS","02086849",1982-12-16,"Dec","Routine sample","Total",0.523333333333333,8.35,1.28333333333333,NA,NA
"USGS","02086849",1982-12-16,"Dec","Routine sample",NA,NA,NA,NA,12,NA
"USGS","02086849",1983-02-22,"Feb","Routine sample","Total",0.52,37,34.5,NA,NA
"USGS","02086849",1983-02-22,"Feb","Routine sample",NA,NA,NA,NA,8.5,NA
"USGS","02086849",1983-03-18,"Mar","Routine sample","Dissolved",NA,0.79,0.07,NA,NA
"USGS","02086849",1983-03-18,"Mar","Routine sample","Total",0.345,4.075,0.4675,NA,NA
"USGS","02086849",1983-03-18,"Mar","Routine sample",NA,NA,NA,NA,11.75,NA
"USGS","02086849",1983-05-09,"May","Routine sample","Dissolved",NA,15,2.8,NA,NA
"USGS","02086849",1983-05-09,"May","Routine sample","Total",2.1,46.5,13.2,NA,NA
"USGS","02086849",1983-05-09,"May","Routine sample",NA,NA,NA,NA,16.5,NA
"USGS","02086849",1983-08-01,"Aug","Routine sample","Total",17.6,59.5,11.95,NA,NA
"USGS","02086849",1983-08-01,"Aug","Routine sample",NA,NA,NA,NA,27,NA
"USGS","02086849",1983-09-07,"Sep","Routine sample","Dissolved",NA,14,6,NA,NA
"USGS","02086849",1983-09-07,"Sep","Routine sample","Total",10.7,46.5,12.6,NA,NA
"USGS","02086849",1983-09-07,"Sep","Routine sample",NA,NA,NA,NA,26,NA
"USGS","02086849",1983-09-26,"Sep","Routine sample","Total",18.8,61.5,12,NA,NA
"USGS","02086849",1983-09-26,"Sep","Routine sample",NA,NA,NA,NA,17,NA
"USGS","02086849",1983-10-24,"Oct","Routine sample","Total",1.65,9.2,1.065,NA,NA
"USGS","02086849",1983-10-24,"Oct","Routine sample",NA,NA,NA,NA,17.5,NA
"USGS","02086849",1983-11-29,"Nov","Routine sample","Total",4.52,35.5,6.65,NA,NA
"USGS","02086849",1983-11-29,"Nov","Routine sample",NA,NA,NA,NA,14.5,NA
"USGS","02086849",1983-12-06,"Dec","Flood","Dissolved",NA,1.3,0.13,NA,NA
"USGS","02086849",1983-12-06,"Dec","Flood","Total",0.51,5.7,0.64,NA,NA
"USGS","02086849",1983-12-06,"Dec","Flood",NA,NA,NA,NA,12,NA
"USGS","02086849",1984-01-24,"Jan","Routine sample","Total",0.54,37.5,5.1,NA,NA
"USGS","02086849",1984-01-24,"Jan","Routine sample",NA,NA,NA,NA,6.5,NA
"USGS","02086849",1984-02-23,"Feb","Flood","Dissolved",NA,1,0.06,NA,NA
"USGS","02086849",1984-02-23,"Feb","Flood","Total",0.27,5.7,0.285,NA,NA
"USGS","02086849",1984-02-23,"Feb","Flood",NA,NA,NA,NA,9.5,NA
"USGS","02086849",1984-03-14,"Mar","Routine sample","Total",NA,11,1.53,NA,NA
"USGS","02086849",1984-03-14,"Mar","Routine sample",NA,NA,NA,NA,8,NA
"USGS","02086849",1984-03-28,"Mar","Routine sample","Total",1.82,17.2,3.85,NA,NA
"USGS","02086849",1984-03-28,"Mar","Routine sample",NA,NA,NA,NA,14.5,NA
"USGS","02086849",1984-04-09,"Apr","Routine sample","Total",NA,25.15,2.85,NA,NA
"USGS","02086849",1984-04-09,"Apr","Routine sample",NA,NA,NA,NA,13,NA
"USGS","02086849",1984-04-23,"Apr","Routine sample","Total",0.44,9.15,0.665,NA,NA
"USGS","02086849",1984-04-23,"Apr","Routine sample",NA,NA,NA,NA,10,NA
"USGS","02086849",1984-05-03,"May","Routine sample","Total",NA,27.5,6.1,NA,NA
"USGS","02086849",1984-05-03,"May","Routine sample",NA,NA,NA,NA,16,NA
"USGS","02086849",1984-05-21,"May","Routine sample","Dissolved",NA,NA,5.2,NA,NA
"USGS","02086849",1984-05-21,"May","Routine sample","Total",4.5,45.5,10.55,NA,NA
"USGS","02086849",1984-05-21,"May","Routine sample",NA,NA,NA,NA,20,NA
"USGS","02086849",1984-06-05,"Jun","Routine sample","Total",4.58,32.5,10.65,NA,NA
"USGS","02086849",1984-06-05,"Jun","Routine sample",NA,NA,NA,NA,21.5,NA
"USGS","02086849",1984-06-18,"Jun","Routine sample","Total",NA,40.5,8.6,NA,NA
"USGS","02086849",1984-06-18,"Jun","Routine sample",NA,NA,NA,NA,24.5,NA
"USGS","02086849",1984-07-10,"Jul","Routine sample","Total",NA,91.5,11.9,NA,NA
"USGS","02086849",1984-07-10,"Jul","Routine sample",NA,NA,NA,NA,23,NA
"USGS","02086849",1984-07-24,"Jul","Routine sample","Total",5.35,29,7.9,NA,NA
"USGS","02086849",1984-07-24,"Jul","Routine sample",NA,NA,NA,NA,24.5,NA
"USGS","02086849",1984-08-07,"Aug","Routine sample","Total",NA,35,10.65,NA,NA
"USGS","02086849",1984-08-07,"Aug","Routine sample",NA,NA,NA,NA,26,NA
"USGS","02086849",1984-08-23,"Aug","Routine sample","Total",1.68,35.5,9.2,NA,NA
"USGS","02086849",1984-08-23,"Aug","Routine sample",NA,NA,NA,NA,23,NA
"USGS","02086849",1984-09-24,"Sep","Routine sample","Dissolved",NA,13,5.5,NA,NA
"USGS","02086849",1984-09-24,"Sep","Routine sample","Total",0.47,37.5,11.3,NA,NA
"USGS","02086849",1984-09-24,"Sep","Routine sample",NA,NA,NA,NA,21,NA
"USGS","02086849",1984-10-23,"Oct","Routine sample","Total",0.67,38,4.5,NA,NA
"USGS","02086849",1984-10-23,"Oct","Routine sample",NA,NA,NA,NA,22.5,NA
"USGS","02086849",1984-12-04,"Dec","Routine sample","Total",1.3,68,2.4,NA,NA
"USGS","02086849",1984-12-04,"Dec","Routine sample",NA,NA,NA,NA,9,NA
"USGS","02086849",1984-12-19,"Dec","Routine sample","Dissolved",NA,16,5.3,NA,NA
"USGS","02086849",1984-12-19,"Dec","Routine sample","Total",1.11,54,5.6,NA,NA
"USGS","02086849",1984-12-19,"Dec","Routine sample",NA,NA,NA,NA,14,NA
"USGS","02086849",1985-01-03,"Jan","Routine sample","Total",0.55,9.25,0.75,NA,NA
"USGS","02086849",1985-01-03,"Jan","Routine sample",NA,NA,NA,NA,9,NA
"USGS","02086849",1985-02-20,"Feb","Routine sample","Total",0.81,35.5,2.2,NA,NA
"USGS","02086849",1985-02-20,"Feb","Routine sample",NA,NA,NA,NA,10,NA
"USGS","02086849",1985-03-26,"Mar","Routine sample","Total",1.67,32,3.1,NA,NA
"USGS","02086849",1985-03-26,"Mar","Routine sample",NA,NA,NA,NA,9,NA
"USGS","02086849",1985-04-30,"Apr","Routine sample","Total",5.5,46,6.2,NA,NA
"USGS","02086849",1985-04-30,"Apr","Routine sample",NA,NA,NA,NA,17.5,NA
"USGS","02086849",1985-05-23,"May","Routine sample","Dissolved",NA,NA,0.17,NA,NA
"USGS","02086849",1985-05-23,"May","Routine sample","Total",1.25,6.75,0.55,NA,NA
"USGS","02086849",1985-05-23,"May","Routine sample",NA,NA,NA,NA,20,NA
"USGS","02086849",1985-06-18,"Jun","Routine sample","Total",4.82,49.5,2.05,NA,NA
"USGS","02086849",1985-06-18,"Jun","Routine sample",NA,NA,NA,NA,24.5,NA
"USGS","02086849",1985-07-22,"Jul","Routine sample","Total",7.66,29,0.865,NA,NA
"USGS","02086849",1985-07-22,"Jul","Routine sample",NA,NA,NA,NA,26,NA
"USGS","02086849",1985-08-18,"Aug","Flood","Dissolved",NA,2.1,0.09,NA,NA
"USGS","02086849",1985-08-18,"Aug","Flood","Total",0.94,8.55,0.385,NA,NA
"USGS","02086849",1985-08-18,"Aug","Flood",NA,NA,NA,NA,25,NA
"USGS","02086849",1985-09-24,"Sep","Routine sample","Total",9.17,52,11.95,NA,NA
"USGS","02086849",1985-09-24,"Sep","Routine sample",NA,NA,NA,NA,22,NA
"USGS","02086849",1985-10-23,"Oct","Routine sample","Total",6.75,50.5,4.1,NA,NA
"USGS","02086849",1985-10-23,"Oct","Routine sample",NA,NA,NA,NA,20,NA
"USGS","02086849",1985-11-21,"Nov","Flood","Dissolved",NA,1.1,0.16,NA,NA
"USGS","02086849",1985-11-21,"Nov","Flood","Total",0.29,5.15,0.92,NA,NA
"USGS","02086849",1985-11-21,"Nov","Flood",NA,NA,NA,NA,15.5,NA
"USGS","02086849",1985-12-17,"Dec","Routine sample","Total",0.48,35,3.2,NA,NA
"USGS","02086849",1985-12-17,"Dec","Routine sample",NA,NA,NA,NA,8,NA
"USGS","02086849",1986-01-22,"Jan","Routine sample","Dissolved",NA,19,4.5,NA,NA
"USGS","02086849",1986-01-22,"Jan","Routine sample","Total",0.26,56,9.9,NA,NA
"USGS","02086849",1986-01-22,"Jan","Routine sample",NA,NA,NA,NA,8,NA
"USGS","02086849",1986-02-19,"Feb","Routine sample","Total",0.49,29,3.85,NA,NA
"USGS","02086849",1986-02-19,"Feb","Routine sample",NA,NA,NA,NA,12,NA
"USGS","02086849",1986-03-25,"Mar","Routine sample","Dissolved",NA,13,2.4,NA,NA
"USGS","02086849",1986-03-25,"Mar","Routine sample","Total",0.43,NA,2.8,NA,NA
"USGS","02086849",1986-03-25,"Mar","Routine sample",NA,NA,NA,NA,12,NA
"USGS","02086849",1986-04-21,"Apr","Routine sample","Total",0.06,25.15,6.6,NA,NA
"USGS","02086849",1986-04-21,"Apr","Routine sample",NA,NA,NA,NA,17.5,NA
"USGS","02086849",1986-05-28,"May","Routine sample","Total",11,60.5,5.1,NA,NA
"USGS","02086849",1986-05-28,"May","Routine sample",NA,NA,NA,NA,20.5,NA
"USGS","02086849",1986-06-18,"Jun","Routine sample","Total",7.4,56,5.7,NA,NA
"USGS","02086849",1986-06-18,"Jun","Routine sample",NA,NA,NA,NA,23,NA
"USGS","02086849",1986-07-28,"Jul","Routine sample","Total",10.1,45.5,3.7,NA,NA
"USGS","02086849",1986-07-28,"Jul","Routine sample",NA,NA,NA,NA,26.5,NA
"USGS","02086849",1986-08-20,"Aug","Routine sample","Total",0.25,3.05,0.19,NA,NA
"USGS","02086849",1986-08-20,"Aug","Routine sample",NA,NA,NA,NA,22,NA
"USGS","02086849",1986-09-23,"Sep","Routine sample","Total",9,73,7.2,NA,NA
"USGS","02086849",1986-09-23,"Sep","Routine sample",NA,NA,NA,NA,22,NA
"USGS","02086849",1986-10-28,"Oct","Routine sample","Total",2.89,50.5,5.3,NA,NA
"USGS","02086849",1986-10-28,"Oct","Routine sample",NA,NA,NA,NA,17.5,NA
"USGS","02086849",1986-11-24,"Nov","Routine sample","Total",9.7,61.5,5.3,NA,NA
"USGS","02086849",1986-11-24,"Nov","Routine sample",NA,NA,NA,NA,12.5,NA
"USGS","02086849",1987-01-08,"Jan","Routine sample","Total",0.73,26.95,4,NA,NA
"USGS","02086849",1987-01-08,"Jan","Routine sample",NA,NA,NA,NA,8,NA
"USGS","02086849",1987-02-24,"Feb","Routine sample","Total",0.27,12.85,0.21,NA,NA
"USGS","02086849",1987-02-24,"Feb","Routine sample",NA,NA,NA,NA,3,NA
"USGS","02086849",1987-03-25,"Mar","Routine sample","Total",0.26,44.5,3.4,NA,NA
"USGS","02086849",1987-03-25,"Mar","Routine sample",NA,NA,NA,NA,12,NA
"USGS","02086849",1987-04-16,"Apr","Routine sample","Total",0.26,3,0.27,NA,NA
"USGS","02086849",1987-04-16,"Apr","Routine sample",NA,NA,NA,NA,14,NA
"USGS","02086849",1987-05-18,"May","Routine sample","Total",0.25,61.5,5.4,NA,NA
"USGS","02086849",1987-05-18,"May","Routine sample",NA,NA,NA,NA,21,NA
"USGS","02086849",1988-12-21,"Dec","Routine sample",NA,NA,NA,NA,9,NA
"USGS","02086849",1989-04-06,"Apr","Routine sample",NA,NA,NA,NA,13.3,NA
"USGS","02086849",1989-09-19,"Sep","Routine sample",NA,NA,NA,NA,22.5,NA
"USGS","02086849",1989-10-26,"Oct","Routine sample",NA,NA,NA,NA,15,NA
"USGS","02086849",1990-04-20,"Apr","Routine sample",NA,NA,NA,NA,15,NA
"USGS","02086849",1990-08-28,"Aug","Routine sample",NA,NA,NA,NA,27,NA
"USGS","02086849",1990-10-22,"Oct","Routine sample",NA,NA,NA,NA,18,NA
"USGS","02086849",1991-04-22,"Apr","Routine sample",NA,NA,NA,NA,14.5,NA
"USGS","02086849",1992-04-21,"Apr","Storm","Dissolved",25.07,10,0.6,NA,NA
"USGS","02086849",1992-04-21,"Apr","Storm","Total",9.24,29,0.79,NA,NA
"USGS","02086849",1992-04-21,"Apr","Storm",NA,NA,NA,NA,21,NA
"USGS","02086849",1992-08-11,"Aug","Routine sample",NA,NA,NA,NA,23,NA
"USGS","02086849",1992-11-18,"Nov","Routine sample",NA,NA,NA,NA,12,NA
"USGS","02086849",1993-04-28,"Apr","Routine sample",NA,NA,NA,NA,16,NA
"USGS","02086849",1993-05-20,"May","Routine sample","Dissolved",7.785,3.6,0.06,NA,NA
"USGS","02086849",1993-05-20,"May","Routine sample","Total",NA,3.6,0.11,NA,NA
"USGS","02086849",1993-05-20,"May","Routine sample",NA,NA,NA,NA,19,NA
"USGS","02086849",1993-05-26,"May","Storm",NA,NA,NA,NA,21,NA
"USGS","02086849",1993-08-12,"Aug","Routine sample",NA,NA,NA,NA,25,NA
"USGS","02086849",1993-10-19,"Oct","Routine sample",NA,NA,NA,NA,21,NA
"USGS","02086849",1994-03-29,"Mar","Storm",NA,NA,NA,NA,12.5,NA
"USGS","02086849",1994-04-18,"Apr","Routine sample",NA,NA,NA,NA,19,NA
"USGS","02086849",1994-08-23,"Aug","Routine sample",NA,NA,NA,NA,24,NA
"USGS","02086849",1994-10-25,"Oct","Routine sample",NA,NA,NA,NA,17,NA
"USGS","02086849",1995-04-24,"Apr","Routine sample",NA,NA,NA,NA,15.2,NA
"USGS","02086849",2006-01-18,"Jan","Storm","Dissolved",1.833,NA,NA,NA,NA
"USGS","02086849",2006-01-18,"Jan","Storm","Total",NA,2.8,0.5,NA,NA
"USGS","02086849",2006-01-18,"Jan","Storm",NA,NA,NA,NA,11.8,NA
"USGS","02086849",2006-06-14,"Jun","Storm","Dissolved",0.766,NA,NA,NA,NA
"USGS","02086849",2006-06-14,"Jun","Storm","Total",NA,1.9,0.36,NA,NA
"USGS","02086849",2006-06-14,"Jun","Storm",NA,NA,NA,NA,20.7,NA
"USGS","02086849",2007-03-02,"Mar","Storm","Dissolved",1.4165,NA,NA,NA,NA
"USGS","02086849",2007-03-02,"Mar","Storm","Total",NA,2.2,0.4,NA,NA
"USGS","02086849",2007-03-02,"Mar","Storm",NA,NA,NA,NA,13.3,NA
"USGS","02086849",2008-09-06,"Sep","Storm","Dissolved",0.8515,NA,NA,NA,NA
"USGS","02086849",2008-09-06,"Sep","Storm","Total",NA,1.5,0.22,NA,NA
"USGS","02086849",2008-09-06,"Sep","Storm",NA,NA,NA,NA,22.6,NA
"USGS","02086849",2008-09-26,"Sep","Storm","Dissolved",1.244,NA,NA,NA,NA
"USGS","02086849",2008-09-26,"Sep","Storm","Total",NA,1.7,0.364,NA,NA
"USGS","02086849",2008-09-26,"Sep","Storm",NA,NA,NA,NA,17.9,NA
"USGS","02086849",2009-01-06,"Jan","Storm","Dissolved",1.3245,NA,NA,NA,NA
"USGS","02086849",2009-01-06,"Jan","Storm","Total",NA,1.8,0.36,NA,NA
"USGS","02086849",2009-01-06,"Jan","Storm",NA,NA,NA,NA,10.8,NA
"USGS","02086849",2009-05-19,"May","Routine sample",NA,NA,NA,NA,17.1,NA
"USGS","02086849",2009-11-11,"Nov","Storm","Dissolved",1.0295,NA,NA,NA,NA
"USGS","02086849",2009-11-11,"Nov","Storm","Total",NA,1.7,0.41,NA,NA
"USGS","02086849",2009-11-11,"Nov","Storm",NA,NA,NA,NA,13.7,NA
"USGS","02086849",2010-09-27,"Sep","Storm","Dissolved",1.0175,NA,NA,NA,NA
"USGS","02086849",2010-09-27,"Sep","Storm","Total",NA,1.4,0.314,NA,NA
"USGS","02086849",2011-05-14,"May","Storm","Dissolved",3.89,NA,NA,NA,NA
"USGS","02086849",2011-05-14,"May","Storm","Total",NA,3.8,0.582,NA,NA
"USGS","02086849",2011-07-08,"Jul","Storm","Dissolved",3.53,NA,NA,NA,NA
"USGS","02086849",2011-07-08,"Jul","Storm","Total",NA,3.5,0.654,NA,NA
"USGS","02086849",2014-04-08,"Apr","Routine sample","Dissolved",3.855,NA,NA,NA,NA
"USGS","02086849",2014-04-08,"Apr","Routine sample","Total",NA,2.32,0.195,NA,NA
"USGS","02086849",2014-04-08,"Apr","Routine sample",NA,NA,NA,NA,14.2,NA
"USGS","02086849",2014-04-15,"Apr","Routine sample","Dissolved",0.919,NA,NA,NA,NA
"USGS","02086849",2014-04-15,"Apr","Routine sample","Total",NA,2.84,0.761,NA,NA
"USGS","02086849",2014-04-15,"Apr","Routine sample",NA,NA,NA,NA,18.4,NA
"USGS","02086849",2014-04-23,"Apr","Routine sample","Dissolved",9.625,NA,NA,NA,NA
"USGS","02086849",2014-04-23,"Apr","Routine sample","Total",NA,4.57,0.075,NA,NA
"USGS","02086849",2014-04-23,"Apr","Routine sample",NA,NA,NA,NA,16.6,NA
"USGS","02086849",2014-04-29,"Apr","Routine sample","Dissolved",7.54,NA,NA,NA,NA
"USGS","02086849",2014-04-29,"Apr","Routine sample","Total",NA,3.42,0.079,NA,NA
"USGS","02086849",2014-04-29,"Apr","Routine sample",NA,NA,NA,NA,16.3,NA
"USGS","02086849",2014-05-06,"May","Routine sample","Dissolved",7.66,NA,NA,NA,NA
"USGS","02086849",2014-05-06,"May","Routine sample","Total",NA,3.71,0.107,NA,NA
"USGS","02086849",2014-05-06,"May","Routine sample",NA,NA,NA,NA,21.3,NA
"USGS","02086849",2014-05-12,"May","Routine sample","Dissolved",6.985,NA,NA,NA,NA
"USGS","02086849",2014-05-12,"May","Routine sample","Total",NA,3.3,0.124,NA,NA
"USGS","02086849",2014-05-12,"May","Routine sample",NA,NA,NA,NA,25.4,NA
"USGS","02086849",2014-05-20,"May","Routine sample","Dissolved",2.935,NA,NA,NA,NA
"USGS","02086849",2014-05-20,"May","Routine sample","Total",NA,1.78,0.109,NA,NA
"USGS","02086849",2014-05-20,"May","Routine sample",NA,NA,NA,NA,19.7,NA
"USGS","02086849",2014-05-29,"May","Routine sample","Dissolved",8.82,NA,NA,NA,NA
"USGS","02086849",2014-05-29,"May","Routine sample","Total",NA,4.29,0.081,NA,NA
"USGS","02086849",2014-05-29,"May","Routine sample",NA,NA,NA,NA,21.8,NA
"USGS","02086849",2014-06-03,"Jun","Routine sample","Dissolved",3.985,NA,NA,NA,NA
"USGS","02086849",2014-06-03,"Jun","Routine sample","Total",NA,2.26,0.08,NA,NA
"USGS","02086849",2014-06-03,"Jun","Routine sample",NA,NA,NA,NA,19.6,NA
"USGS","02086849",2014-06-10,"Jun","Routine sample","Dissolved",6.255,NA,NA,NA,NA
"USGS","02086849",2014-06-10,"Jun","Routine sample","Total",NA,3.13,0.132,NA,NA
"USGS","02086849",2014-06-10,"Jun","Routine sample",NA,NA,NA,NA,23.1,NA
"USGS","02086849",2018-03-27,"Mar","Routine sample","Dissolved",5.895,2.75,NA,NA,NA
"USGS","02086849",2018-03-27,"Mar","Routine sample",NA,NA,NA,NA,10.4,NA
