"MonitoringLocationIdentifier","ActivityStartDate","HydrologicEvent","CharacteristicName","ResultSampleFractionText","Units","value"
"21NC01WQ-J1270000",1976-10-04,NA,"Temperature, water"," ","deg C",17
"21NC01WQ-J1270000",1976-10-07,NA,"Temperature, water"," ","deg C",22
"21NC01WQ-J1270000",1976-10-11,NA,"Temperature, water"," ","deg C",13
"21NC01WQ-J1270000",1976-10-14,NA,"Temperature, water"," ","deg C",13.2
"21NC01WQ-J1270000",1976-10-18,NA,"Temperature, water"," ","deg C",9.5
"21NC01WQ-J1270000",1976-10-21,NA,"Temperature, water"," ","deg C",11.8
"21NC01WQ-J1270000",1976-10-25,NA,"Temperature, water"," ","deg C",14
"21NC01WQ-J1270000",1976-10-28,NA,"Temperature, water"," ","deg C",7
"21NC01WQ-J1270000",1976-11-01,NA,"Temperature, water"," ","deg C",10
"21NC01WQ-J1270000",1976-11-04,NA,"Temperature, water"," ","deg C",10
"21NC01WQ-J1270000",1976-11-08,NA,"Temperature, water"," ","deg C",6
"21NC01WQ-J1270000",1976-11-11,NA,"Temperature, water"," ","deg C",7
"21NC01WQ-J1270000",1976-11-15,NA,"Temperature, water"," ","deg C",6
"21NC01WQ-J1270000",1976-11-18,NA,"Temperature, water"," ","deg C",6
"21NC01WQ-J1270000",1976-11-22,NA,"Temperature, water"," ","deg C",6
"21NC01WQ-J1270000",1976-11-26,NA,"Temperature, water"," ","deg C",7.9
"21NC01WQ-J1270000",1976-11-29,NA,"Temperature, water"," ","deg C",14.2
"21NC01WQ-J1270000",1976-12-02,NA,"Temperature, water"," ","deg C",5.2
"21NC01WQ-J1270000",1976-12-06,NA,"Temperature, water"," ","deg C",4.4
"21NC01WQ-J1270000",1976-12-07,NA,"Temperature, water"," ","deg C",9.5
"21NC01WQ-J1270000",1976-12-09,NA,"Temperature, water"," ","deg C",3
"21NC01WQ-J1270000",1976-12-13,NA,"Temperature, water"," ","deg C",8.8
"21NC01WQ-J1270000",1976-12-15,NA,"Temperature, water"," ","deg C",6.4
"21NC01WQ-J1270000",1976-12-16,NA,"Temperature, water"," ","deg C",9
"21NC01WQ-J1270000",1976-12-20,NA,"Temperature, water"," ","deg C",9
"21NC01WQ-J1270000",1976-12-27,NA,"Temperature, water"," ","deg C",2
"21NC01WQ-J1270000",1976-12-30,NA,"Temperature, water"," ","deg C",1
"21NC01WQ-J1270000",1977-01-03,NA,"Temperature, water"," ","deg C",3
"21NC01WQ-J1270000",1977-01-06,NA,"Temperature, water"," ","deg C",3
"21NC01WQ-J1270000",1977-01-07,NA,"Temperature, water"," ","deg C",1
"21NC01WQ-J1270000",1977-01-10,NA,"Temperature, water"," ","deg C",3.5
"21NC01WQ-J1270000",1977-01-13,NA,"Temperature, water"," ","deg C",0
"21NC01WQ-J1270000",1977-01-18,NA,"Temperature, water"," ","deg C",0
"21NC01WQ-J1270000",1977-01-20,NA,"Temperature, water"," ","deg C",0
"21NC01WQ-J1270000",1977-01-24,NA,"Temperature, water"," ","deg C",0
"21NC01WQ-J1270000",1977-01-27,NA,"Temperature, water"," ","deg C",3
"21NC01WQ-J1270000",1977-01-31,NA,"Temperature, water"," ","deg C",0
"21NC01WQ-J1270000",1977-02-03,NA,"Temperature, water"," ","deg C",1
"21NC01WQ-J1270000",1977-02-08,NA,"Temperature, water"," ","deg C",0.5
"21NC01WQ-J1270000",1977-02-10,NA,"Temperature, water"," ","deg C",5
"21NC01WQ-J1270000",1977-02-15,NA,"Temperature, water"," ","deg C",5
"21NC01WQ-J1270000",1977-02-17,NA,"Temperature, water"," ","deg C",1
"21NC01WQ-J1270000",1977-02-22,NA,"Temperature, water"," ","deg C",4
"21NC01WQ-J1270000",1977-02-24,NA,"Temperature, water"," ","deg C",11
"21NC01WQ-J1270000",1977-03-01,NA,"Temperature, water"," ","deg C",6
"21NC01WQ-J1270000",1977-03-03,NA,"Temperature, water"," ","deg C",11
"21NC01WQ-J1270000",1977-03-07,NA,"Temperature, water"," ","deg C",9
"21NC01WQ-J1270000",1977-03-10,NA,"Temperature, water"," ","deg C",11
"21NC01WQ-J1270000",1977-03-14,NA,"Temperature, water"," ","deg C",14
"21NC01WQ-J1270000",1977-03-17,NA,"Temperature, water"," ","deg C",11
"21NC01WQ-J1270000",1977-03-21,NA,"Temperature, water"," ","deg C",11
"21NC01WQ-J1270000",1977-03-24,NA,"Temperature, water"," ","deg C",12
"21NC01WQ-J1270000",1977-03-28,NA,"Temperature, water"," ","deg C",15
"21NC01WQ-J1270000",1977-03-31,NA,"Temperature, water"," ","deg C",16
"21NC01WQ-J1270000",1977-04-04,NA,"Temperature, water"," ","deg C",15
"21NC01WQ-J1270000",1977-04-07,NA,"Temperature, water"," ","deg C",10
"21NC01WQ-J1270000",1977-04-12,NA,"Temperature, water"," ","deg C",17
"21NC01WQ-J1270000",1977-04-14,NA,"Temperature, water"," ","deg C",18
"21NC01WQ-J1270000",1977-04-18,NA,"Temperature, water"," ","deg C",17
"21NC01WQ-J1270000",1977-04-21,NA,"Temperature, water"," ","deg C",19.5
"21NC01WQ-J1270000",1977-04-25,NA,"Temperature, water"," ","deg C",17
"21NC01WQ-J1270000",1977-04-28,NA,"Temperature, water"," ","deg C",15
"21NC01WQ-J1270000",1977-05-02,NA,"Temperature, water"," ","deg C",17
"21NC01WQ-J1270000",1977-05-05,NA,"Temperature, water"," ","deg C",19
"21NC01WQ-J1270000",1977-05-09,NA,"Temperature, water"," ","deg C",15
"21NC01WQ-J1270000",1977-05-12,NA,"Temperature, water"," ","deg C",13
"21NC01WQ-J1270000",1977-05-16,NA,"Temperature, water"," ","deg C",17.5
"21NC01WQ-J1270000",1977-05-19,NA,"Temperature, water"," ","deg C",21
"21NC01WQ-J1270000",1977-05-23,NA,"Temperature, water"," ","deg C",22
"21NC01WQ-J1270000",1977-05-31,NA,"Temperature, water"," ","deg C",23
"21NC01WQ-J1270000",1977-06-02,NA,"Temperature, water"," ","deg C",22
"21NC01WQ-J1270000",1977-06-06,NA,"Temperature, water"," ","deg C",22
"21NC01WQ-J1270000",1977-06-09,NA,"Temperature, water"," ","deg C",20
"21NC01WQ-J1270000",1977-06-13,NA,"Temperature, water"," ","deg C",22.5
"21NC01WQ-J1270000",1977-06-20,NA,"Temperature, water"," ","deg C",24
"21NC01WQ-J1270000",1977-07-07,NA,"Temperature, water"," ","deg C",26.5
"21NC01WQ-J1270000",1977-08-18,NA,"Temperature, water"," ","deg C",22
"21NC01WQ-J1270000",1977-08-23,NA,"Temperature, water"," ","deg C",23.5
"21NC01WQ-J1270000",1977-08-25,NA,"Temperature, water"," ","deg C",22.5
"21NC01WQ-J1270000",1977-08-30,NA,"Temperature, water"," ","deg C",24
"21NC01WQ-J1270000",1977-09-06,NA,"Temperature, water"," ","deg C",24
"21NC01WQ-J1270000",1977-09-13,NA,"Temperature, water"," ","deg C",19
"21NC01WQ-J1270000",1977-09-15,NA,"Temperature, water"," ","deg C",23
"21NC01WQ-J1270000",1977-09-20,NA,"Temperature, water"," ","deg C",24
"21NC01WQ-J1270000",1977-09-22,NA,"Temperature, water"," ","deg C",21.5
"21NC01WQ-J1270000",1977-09-27,NA,"Temperature, water"," ","deg C",23.5
"21NC01WQ-J1270000",1977-09-29,NA,"Temperature, water"," ","deg C",18.5
"21NC01WQ-J1290000",1968-08-19,NA,"Temperature, water"," ","deg C",31
"21NC01WQ-J1290000",1968-08-28,NA,"Temperature, water"," ","deg C",21
"21NC01WQ-J1290000",1969-07-14,NA,"Temperature, water"," ","deg C",26
"21NC01WQ-J1290000",1969-08-21,NA,"Temperature, water"," ","deg C",27
"21NC01WQ-J1290000",1970-07-07,NA,"Temperature, water"," ","deg C",26
"21NC01WQ-J1290000",1970-08-31,NA,"Temperature, water"," ","deg C",32
"21NC01WQ-J1290000",1970-11-17,NA,"Temperature, water"," ","deg C",12
"21NC01WQ-J1290000",1971-04-20,NA,"Temperature, water"," ","deg C",21
"21NC01WQ-J1290000",1971-06-28,NA,"Temperature, water"," ","deg C",31
"21NC01WQ-J1290000",1971-08-04,NA,"Temperature, water"," ","deg C",32
"21NC01WQ-J1290000",1971-09-08,NA,"Temperature, water"," ","deg C",25
"21NC01WQ-J1290000",1972-05-25,NA,"Temperature, water"," ","deg C",19
"21NC01WQ-J1290000",1972-07-24,NA,"Temperature, water"," ","deg C",30
"21NC01WQ-J1290000",1973-08-14,NA,"Temperature, water"," ","deg C",29
"21NC01WQ-J1290000",1974-11-05,NA,"Temperature, water"," ","deg C",19
"21NC01WQ-J1290000",1975-01-10,NA,"Temperature, water"," ","deg C",8
"21NC01WQ-J1290000",1975-02-05,NA,"Temperature, water"," ","deg C",6.5
"21NC01WQ-J1330000",1968-08-19,NA,"Temperature, water"," ","deg C",31
"21NC01WQ-J1330000",1968-08-28,NA,"Temperature, water"," ","deg C",22
"21NC01WQ-J1330000",1969-07-14,NA,"Temperature, water"," ","deg C",25
"21NC01WQ-J1330000",1969-08-21,NA,"Temperature, water"," ","deg C",26
"21NC01WQ-J1330000",1970-07-07,NA,"Temperature, water"," ","deg C",25
"21NC01WQ-J1330000",1970-08-31,NA,"Temperature, water"," ","deg C",30
"21NC01WQ-J1330000",1970-11-17,NA,"Temperature, water"," ","deg C",15
"21NC01WQ-J1330000",1971-04-20,NA,"Temperature, water"," ","deg C",22
"21NC01WQ-J1330000",1971-06-28,NA,"Temperature, water"," ","deg C",28
"21NC01WQ-J1330000",1971-08-04,NA,"Temperature, water"," ","deg C",31
"21NC01WQ-J1330000",1971-09-08,NA,"Temperature, water"," ","deg C",23
"21NC01WQ-J1330000",1972-05-25,NA,"Temperature, water"," ","deg C",19
"21NC01WQ-J1330000",1972-07-24,NA,"Temperature, water"," ","deg C",30
"21NC01WQ-J1330000",1973-08-14,NA,"Temperature, water"," ","deg C",28
"21NC01WQ-J1330000",1974-02-28,NA,"Temperature, water"," ","deg C",8
"21NC01WQ-J1330000",1974-09-25,NA,"Temperature, water"," ","deg C",19
"21NC01WQ-J1330000",1974-10-08,NA,"Temperature, water"," ","deg C",18
"21NC01WQ-J1330000",1974-11-05,NA,"Temperature, water"," ","deg C",20.5
"21NC01WQ-J1330000",1974-12-05,NA,"Temperature, water"," ","deg C",9
"21NC01WQ-J1330000",1975-01-10,NA,"Temperature, water"," ","deg C",8
"21NC01WQ-J1330000",1975-01-21,NA,"Temperature, water"," ","deg C",5
"21NC01WQ-J1330000",1975-02-05,NA,"Temperature, water"," ","deg C",7
"21NC01WQ-J1330000",1975-02-26,NA,"Temperature, water"," ","deg C",12
"21NC01WQ-J1330000",1975-03-06,NA,"Temperature, water"," ","deg C",13
"21NC01WQ-J1330000",1975-03-12,NA,"Temperature, water"," ","deg C",11
"21NC01WQ-J1330000",1975-03-17,NA,"Temperature, water"," ","deg C",8
"21NC01WQ-J1330000",1975-03-25,NA,"Temperature, water"," ","deg C",15.5
"21NC01WQ-J1330000",1975-04-07,NA,"Temperature, water"," ","deg C",18
"21NC01WQ-J1330000",1975-05-12,NA,"Temperature, water"," ","deg C",21
"21NC01WQ-J1330000",1975-08-25,NA,"Temperature, water"," ","deg C",23
"21NC01WQ-J1330000",1975-09-22,NA,"Temperature, water"," ","deg C",21
"21NC01WQ-J1330000",1975-11-20,NA,"Temperature, water"," ","deg C",12.5
"21NC01WQ-J1330000",1976-01-15,NA,"Temperature, water"," ","deg C",5
"21NC01WQ-J1330000",1976-02-04,NA,"Temperature, water"," ","deg C",8
"21NC01WQ-J1330000",1976-03-15,NA,"Temperature, water"," ","deg C",12
"21NC01WQ-J1330000",1976-04-29,NA,"Temperature, water"," ","deg C",21
"21NC01WQ-J1330000",1976-05-26,NA,"Temperature, water"," ","deg C",16
"21NC01WQ-J1330000",1976-06-21,NA,"Temperature, water"," ","deg C",25
"21NC01WQ-J1330000",1976-07-20,NA,"Temperature, water"," ","deg C",25
"21NC01WQ-J1330000",1976-08-10,NA,"Temperature, water"," ","deg C",29
"21NC01WQ-J1330000",1976-09-30,NA,"Temperature, water"," ","deg C",23
"21NC01WQ-J1330000",1976-10-19,NA,"Temperature, water"," ","deg C",12
"21NC01WQ-J1330000",1976-11-23,NA,"Temperature, water"," ","deg C",7
"21NC01WQ-J1330000",1976-12-01,NA,"Temperature, water"," ","deg C",7
"21NC01WQ-J1330000",1977-01-27,NA,"Temperature, water"," ","deg C",6
"21NC01WQ-J1330000",1977-02-22,NA,"Temperature, water"," ","deg C",6
"21NC01WQ-J1330000",1977-03-10,NA,"Temperature, water"," ","deg C",12
"21NC01WQ-J1330000",1977-04-21,NA,"Temperature, water"," ","deg C",20
"21NC01WQ-J1330000",1977-05-31,NA,"Temperature, water"," ","deg C",21
"21NC01WQ-J1330000",1977-07-12,NA,"Temperature, water"," ","deg C",30
"21NC01WQ-J1330000",1977-08-16,NA,"Temperature, water"," ","deg C",28
"21NC01WQ-J1330000",1977-09-14,NA,"Temperature, water"," ","deg C",23
"21NC01WQ-J1330000",1977-10-06,NA,"Temperature, water"," ","deg C",16
"21NC01WQ-J1330000",1977-11-03,NA,"Temperature, water"," ","deg C",18
"21NC01WQ-J1330000",1977-12-07,NA,"Temperature, water"," ","deg C",6
"21NC01WQ-J1330000",1978-01-26,NA,"Temperature, water"," ","deg C",4
"21NC01WQ-J1330000",1978-02-21,NA,"Temperature, water"," ","deg C",6
"21NC01WQ-J1330000",1978-03-28,NA,"Temperature, water"," ","deg C",11.5
"21NC01WQ-J1330000",1978-04-12,NA,"Temperature, water"," ","deg C",18
"21NC01WQ-J1330000",1978-05-25,NA,"Temperature, water"," ","deg C",25
"21NC01WQ-J1330000",1978-06-21,NA,"Temperature, water"," ","deg C",25
"21NC01WQ-J1330000",1978-07-12,NA,"Temperature, water"," ","deg C",22
"21NC01WQ-J1330000",1978-08-16,NA,"Temperature, water"," ","deg C",27
"21NC01WQ-J1330000",1978-10-11,NA,"Temperature, water"," ","deg C",13
"21NC01WQ-J1330000",1978-11-20,NA,"Temperature, water"," ","deg C",12
"21NC01WQ-J1330000",1978-12-11,NA,"Temperature, water"," ","deg C",10
"21NC01WQ-J1330000",1979-01-24,NA,"Temperature, water"," ","deg C",7
"21NC01WQ-J1330000",1979-02-13,NA,"Temperature, water"," ","deg C",4
"21NC01WQ-J1330000",1979-03-20,NA,"Temperature, water"," ","deg C",14
"21NC01WQ-J1330000",1979-04-18,NA,"Temperature, water"," ","deg C",16
"21NC01WQ-J1330000",1979-05-05,NA,"Temperature, water"," ","deg C",19
"21NC01WQ-J1330000",1979-05-08,NA,"Temperature, water"," ","deg C",24
"21NC01WQ-J1330000",1979-07-13,NA,"Temperature, water"," ","deg C",25.5
"21NC01WQ-J1330000",1979-08-07,NA,"Temperature, water"," ","deg C",30
"21NC01WQ-J1330000",1979-09-17,NA,"Temperature, water"," ","deg C",21
"21NC01WQ-J1330000",1979-10-10,NA,"Temperature, water"," ","deg C",15
"21NC01WQ-J1330000",1979-11-27,NA,"Temperature, water"," ","deg C",15.5
"21NC01WQ-J1330000",1979-12-03,NA,"Temperature, water"," ","deg C",6
"21NC01WQ-J1330000",1980-01-15,NA,"Temperature, water"," ","deg C",12
"21NC01WQ-J1330000",1980-02-04,NA,"Temperature, water"," ","deg C",5
"21NC01WQ-J1330000",1980-03-28,NA,"Temperature, water"," ","deg C",15
"21NC01WQ-J1330000",1980-04-08,NA,"Temperature, water"," ","deg C",16
"21NC01WQ-J1330000",1980-05-13,NA,"Temperature, water"," ","deg C",25
"21NC01WQ-J1330000",1980-06-17,NA,"Temperature, water"," ","deg C",21
"21NC01WQ-J1330000",1980-07-11,NA,"Temperature, water"," ","deg C",26
"21NC01WQ-J1330000",1980-08-26,NA,"Temperature, water"," ","deg C",25
"21NC01WQ-J1330000",1980-09-22,NA,"Temperature, water"," ","deg C",30
"21NC01WQ-J1330000",1980-10-13,NA,"Temperature, water"," ","deg C",16
"21NC01WQ-J1330000",1980-11-19,NA,"Temperature, water"," ","deg C",9
"21NC01WQ-J1330000",1980-12-10,NA,"Temperature, water"," ","deg C",10
"21NC01WQ-J1330000",1981-01-20,NA,"Temperature, water"," ","deg C",6
"21NC01WQ-J1330000",1981-02-11,NA,"Temperature, water"," ","deg C",12
"21NC01WQ-J1330000",1981-03-16,NA,"Temperature, water"," ","deg C",12
"21NC01WQ-J1330000",1981-04-13,NA,"Temperature, water"," ","deg C",17
"21NC01WQ-J1330000",1981-05-27,NA,"Temperature, water"," ","deg C",21
"21NC01WQ-J1330000",1981-06-22,NA,"Temperature, water"," ","deg C",28
"21NC01WQ-J1330000",1981-07-15,NA,"Temperature, water"," ","deg C",25
"21NC01WQ-J1330000",1981-08-18,NA,"Temperature, water"," ","deg C",22
"21NC01WQ-J1330000",1981-09-14,NA,"Temperature, water"," ","deg C",24
"21NC01WQ-J1330000",1981-10-22,NA,"Temperature, water"," ","deg C",18
"21NC01WQ-J1330000",1981-11-16,NA,"Temperature, water"," ","deg C",14
"21NC01WQ-J1330000",1981-12-08,NA,"Temperature, water"," ","deg C",12
"21NC01WQ-J1330000",1982-01-28,NA,"Temperature, water"," ","deg C",0
"21NC01WQ-J1330000",1982-02-18,NA,"Temperature, water"," ","deg C",9
"21NC01WQ-J1330000",1982-03-04,NA,"Temperature, water"," ","deg C",9
"21NC01WQ-J1330000",1982-04-22,NA,"Temperature, water"," ","deg C",14
"21NC01WQ-J1330000",1982-05-18,NA,"Temperature, water"," ","deg C",21
"21NC01WQ-J1330000",1982-06-11,NA,"Temperature, water"," ","deg C",20
"21NC01WQ-J1330000",1982-07-12,NA,"Temperature, water"," ","deg C",25
"21NC01WQ-J1330000",1982-08-11,NA,"Temperature, water"," ","deg C",24
"21NC01WQ-J1330000",1982-09-15,NA,"Temperature, water"," ","deg C",23
"21NC01WQ-J1330000",1982-10-14,NA,"Temperature, water"," ","deg C",19
"21NC01WQ-J1330000",1982-11-04,NA,"Temperature, water"," ","deg C",21
"21NC01WQ-J1330000",1982-12-08,NA,"Temperature, water"," ","deg C",11
"21NC01WQ-J1330000",1983-01-11,NA,"Temperature, water"," ","deg C",10
"21NC01WQ-J1330000",1983-02-03,NA,"Temperature, water"," ","deg C",9
"21NC01WQ-J1330000",1983-03-14,NA,"Temperature, water"," ","deg C",10
"21NC01WQ-J1330000",1983-04-04,NA,"Temperature, water"," ","deg C",12
"21NC01WQ-J1330000",1983-05-10,NA,"Temperature, water"," ","deg C",18
"21NC01WQ-J1330000",1983-06-02,NA,"Temperature, water"," ","deg C",18
"21NC01WQ-J1330000",1983-07-20,NA,"Temperature, water"," ","deg C",25
"21NC01WQ-J1330000",1983-08-03,NA,"Temperature, water"," ","deg C",25
"21NC01WQ-J1330000",1983-09-20,NA,"Temperature, water"," ","deg C",21
"21NC01WQ-J1330000",1983-10-13,NA,"Temperature, water"," ","deg C",19
"21NC01WQ-J1330000",1983-11-17,NA,"Temperature, water"," ","deg C",9
"21NC01WQ-J1330000",1983-12-15,NA,"Temperature, water"," ","deg C",9
"21NC01WQ-J1330000",1984-01-05,NA,"Temperature, water"," ","deg C",1
"21NC01WQ-J1330000",1984-02-23,NA,"Temperature, water"," ","deg C",9
"21NC01WQ-J1330000",1984-03-08,NA,"Temperature, water"," ","deg C",5
"21NC01WQ-J1330000",1984-04-11,NA,"Temperature, water"," ","deg C",8
"21NC01WQ-J1330000",1984-05-25,NA,"Temperature, water"," ","deg C",21
"21NC01WQ-J1330000",1984-06-20,NA,"Temperature, water"," ","deg C",25
"21NC01WQ-J1330000",1984-07-26,NA,"Temperature, water"," ","deg C",24
"21NC01WQ-J1330000",1984-08-20,NA,"Temperature, water"," ","deg C",24
"21NC01WQ-J1330000",1984-09-14,NA,"Temperature, water"," ","deg C",23
"21NC01WQ-J1330000",1984-10-26,NA,"Temperature, water"," ","deg C",24
"21NC01WQ-J1330000",1984-11-13,NA,"Temperature, water"," ","deg C",9
"21NC01WQ-J1330000",1984-12-10,NA,"Temperature, water"," ","deg C",6
"21NC01WQ-J1330000",1985-01-22,NA,"Temperature, water"," ","deg C",1
"21NC01WQ-J1330000",1985-02-12,NA,"Temperature, water"," ","deg C",5
"21NC01WQ-J1330000",1985-03-19,NA,"Temperature, water"," ","deg C",9
"21NC01WQ-J1330000",1985-04-11,NA,"Temperature, water"," ","deg C",13
"21NC01WQ-J1330000",1985-05-16,NA,"Temperature, water"," ","deg C",22
"21NC01WQ-J1330000",1985-06-20,NA,"Temperature, water"," ","deg C",23
"21NC01WQ-J1330000",1985-07-17,NA,"Temperature, water"," ","deg C",25
"21NC01WQ-J1330000",1985-08-26,NA,"Temperature, water"," ","deg C",23
"21NC01WQ-J1330000",1985-09-20,NA,"Temperature, water"," ","deg C",21
"21NC01WQ-J1330000",1985-10-22,NA,"Temperature, water"," ","deg C",18
"21NC01WQ-J1330000",1985-11-12,NA,"Temperature, water"," ","deg C",14
"21NC01WQ-J1330000",1985-12-12,NA,"Temperature, water"," ","deg C",16
"21NC01WQ-J1330000",1986-01-13,NA,"Temperature, water"," ","deg C",3
"21NC01WQ-J1330000",1986-02-20,NA,"Temperature, water"," ","deg C",10
"21NC01WQ-J1330000",1986-03-17,NA,"Temperature, water"," ","deg C",12
"21NC01WQ-J1330000",1986-04-16,NA,"Temperature, water"," ","deg C",16
"21NC01WQ-J1330000",1986-05-13,NA,"Temperature, water"," ","deg C",19
"21NC01WQ-J1330000",1986-06-16,NA,"Temperature, water"," ","deg C",24
"21NC01WQ-J1330000",1986-07-23,NA,"Temperature, water"," ","deg C",24
"21NC01WQ-J1330000",1986-08-25,NA,"Temperature, water"," ","deg C",23
"21NC01WQ-J1330000",1986-10-24,NA,"Temperature, water"," ","deg C",16
"21NC01WQ-J1330000",1986-11-13,NA,"Temperature, water"," ","deg C",11
"21NC01WQ-J1330000",1986-12-10,NA,"Temperature, water"," ","deg C",14
"21NC01WQ-J1330000",1987-01-28,NA,"Temperature, water"," ","deg C",3
"21NC01WQ-J1330000",1987-03-03,NA,"Temperature, water"," ","deg C",8
"21NC01WQ-J1330000",1987-03-16,NA,"Temperature, water"," ","deg C",9
"21NC01WQ-J1330000",1987-04-07,NA,"Temperature, water"," ","deg C",10
"21NC01WQ-J1330000",1987-05-07,NA,"Temperature, water"," ","deg C",17
"21NC01WQ-J1330000",1987-06-24,NA,"Temperature, water"," ","deg C",24
"21NC01WQ-J1330000",1987-09-23,NA,"Temperature, water"," ","deg C",20
"21NC01WQ-J1330000",1987-10-14,NA,"Temperature, water"," ","deg C",14
"21NC01WQ-J1330000",1987-11-18,NA,"Temperature, water"," ","deg C",17
"21NC01WQ-J1330000",1987-12-16,NA,"Temperature, water"," ","deg C",9
"21NC01WQ-J1330000",1988-01-26,NA,"Temperature, water"," ","deg C",5
"21NC01WQ-J1330000",1988-02-25,NA,"Temperature, water"," ","deg C",7
"21NC01WQ-J1330000",1988-03-16,NA,"Temperature, water"," ","deg C",9
"21NC01WQ-J1330000",1988-04-25,NA,"Temperature, water"," ","deg C",17
"21NC01WQ-J1330000",1988-05-23,NA,"Temperature, water"," ","deg C",24
"21NC01WQ-J1330000",1988-06-21,NA,"Temperature, water"," ","deg C",26
"21NC01WQ-J1330000",1988-07-13,NA,"Temperature, water"," ","deg C",26
"21NC01WQ-J1330000",1988-08-23,NA,"Temperature, water"," ","deg C",24
"21NC01WQ-J1330000",1988-09-07,NA,"Temperature, water"," ","deg C",21
"21NC01WQ-J1330000",1988-10-18,NA,"Temperature, water"," ","deg C",17
"21NC01WQ-J1330000",1988-11-17,NA,"Temperature, water"," ","deg C",16
"21NC01WQ-J1330000",1988-12-21,NA,"Temperature, water"," ","deg C",9
"21NC01WQ-J1330000",1989-01-11,NA,"Temperature, water"," ","deg C",10
"21NC01WQ-J1330000",1989-02-02,NA,"Temperature, water"," ","deg C",16
"21NC01WQ-J1330000",1989-03-27,NA,"Temperature, water"," ","deg C",12
"21NC01WQ-J1330000",1989-04-06,NA,"Temperature, water"," ","deg C",13.3
"21NC01WQ-J1330000",1989-05-05,NA,"Temperature, water"," ","deg C",16.8
"21NC01WQ-J1330000",1989-07-17,NA,"Temperature, water"," ","deg C",22.5
"21NC01WQ-J1330000",1989-08-14,NA,"Temperature, water"," ","deg C",23.5
"21NC01WQ-J1330000",1989-09-19,NA,"Temperature, water"," ","deg C",22.5
"21NC01WQ-J1330000",1989-10-26,NA,"Temperature, water"," ","deg C",15
"21NC01WQ-J1330000",1989-11-15,NA,"Temperature, water"," ","deg C",18
"21NC01WQ-J1330000",1989-12-15,NA,"Temperature, water"," ","deg C",5
"21NC01WQ-J1330000",1990-01-24,NA,"Temperature, water"," ","deg C",11
"21NC01WQ-J1330000",1990-02-21,NA,"Temperature, water"," ","deg C",9
"21NC01WQ-J1330000",1990-03-26,NA,"Temperature, water"," ","deg C",13
"21NC01WQ-J1330000",1990-04-20,NA,"Temperature, water"," ","deg C",15
"21NC01WQ-J1330000",1990-06-25,NA,"Temperature, water"," ","deg C",22.5
"21NC01WQ-J1330000",1990-07-26,NA,"Temperature, water"," ","deg C",26
"21NC01WQ-J1330000",1990-08-28,NA,"Temperature, water"," ","deg C",27
"21NC01WQ-J1330000",1990-09-19,NA,"Temperature, water"," ","deg C",20
"21NC01WQ-J1330000",1990-10-22,NA,"Temperature, water"," ","deg C",18
"21NC01WQ-J1330000",1990-11-28,NA,"Temperature, water"," ","deg C",15
"21NC01WQ-J1330000",1990-12-13,NA,"Temperature, water"," ","deg C",8
"21NC01WQ-J1330000",1991-04-22,NA,"Temperature, water"," ","deg C",14.5
"21NC01WQ-J1330000",1991-05-16,NA,"Temperature, water"," ","deg C",24
"21NC01WQ-J1330000",1991-06-24,NA,"Temperature, water"," ","deg C",23
"21NC01WQ-J1330000",1991-07-18,NA,"Temperature, water"," ","deg C",25
"21NC01WQ-J1330000",1991-08-06,NA,"Temperature, water"," ","deg C",26
"21NC01WQ-J1330000",1991-09-26,NA,"Temperature, water"," ","deg C",20
"21NC01WQ-J1330000",1991-10-24,NA,"Temperature, water"," ","deg C",19
"21NC01WQ-J1330000",1991-11-25,NA,"Temperature, water"," ","deg C",12.5
"21NC01WQ-J1330000",1991-12-30,NA,"Temperature, water"," ","deg C",8
"21NC01WQ-J1330000",1992-01-08,NA,"Temperature, water"," ","deg C",6.5
"21NC01WQ-J1330000",1992-02-18,NA,"Temperature, water"," ","deg C",11
"21NC01WQ-J1330000",1992-03-12,NA,"Temperature, water"," ","deg C",10.5
"21NC01WQ-J1330000",1992-04-19,NA,"Temperature, water"," ","deg C",15.5
"21NC01WQ-J1330000",1992-05-13,NA,"Temperature, water"," ","deg C",19.5
"21NC01WQ-J1330000",1992-06-18,NA,"Temperature, water"," ","deg C",23
"21NC01WQ-J1330000",1992-07-15,NA,"Temperature, water"," ","deg C",28
"21NC01WQ-J1330000",1992-08-11,NA,"Temperature, water"," ","deg C",27
"21NC01WQ-J1330000",1992-09-15,NA,"Temperature, water"," ","deg C",21
"21NC01WQ-J1330000",1992-10-14,NA,"Temperature, water"," ","deg C",18
"21NC01WQ-J1330000",1992-11-18,NA,"Temperature, water"," ","deg C",12
"21NC01WQ-J1330000",1992-12-16,NA,"Temperature, water"," ","deg C",9
"21NC01WQ-J1330000",1993-01-13,NA,"Temperature, water"," ","deg C",10
"21NC01WQ-J1330000",1993-02-17,NA,"Temperature, water"," ","deg C",8
"21NC01WQ-J1330000",1993-03-23,NA,"Temperature, water"," ","deg C",15
"21NC01WQ-J1330000",1993-04-28,NA,"Temperature, water"," ","deg C",16
"21NC01WQ-J1330000",1993-05-18,NA,"Temperature, water"," ","deg C",22
"21NC01WQ-J1330000",1993-06-23,NA,"Temperature, water"," ","deg C",25
"21NC01WQ-J1330000",1993-07-26,NA,"Temperature, water"," ","deg C",27
"21NC01WQ-J1330000",1993-08-12,NA,"Temperature, water"," ","deg C",25
"21NC01WQ-J1330000",1993-09-15,NA,"Temperature, water"," ","deg C",25
"21NC01WQ-J1330000",1993-10-19,NA,"Temperature, water"," ","deg C",21
"21NC01WQ-J1330000",1993-11-17,NA,"Temperature, water"," ","deg C",19
"21NC01WQ-J1330000",1994-02-22,NA,"Temperature, water"," ","deg C",13
"21NC01WQ-J1330000",1994-03-17,NA,"Temperature, water"," ","deg C",11
"21NC01WQ-J1330000",1994-04-18,NA,"Temperature, water"," ","deg C",19
"21NC01WQ-J1330000",1994-05-19,NA,"Temperature, water"," ","deg C",17
"21NC01WQ-J1330000",1994-06-20,NA,"Temperature, water"," ","deg C",26
"21NC01WQ-J1330000",1994-07-14,NA,"Temperature, water"," ","deg C",27
"21NC01WQ-J1330000",1994-08-23,NA,"Temperature, water"," ","deg C",24
"21NC01WQ-J1330000",1994-09-19,NA,"Temperature, water"," ","deg C",21
"21NC01WQ-J1330000",1994-10-25,NA,"Temperature, water"," ","deg C",17
"21NC01WQ-J1330000",1994-11-09,NA,"Temperature, water"," ","deg C",17
"21NC01WQ-J1330000",1994-12-12,NA,"Temperature, water"," ","deg C",11
"21NC01WQ-J1330000",1995-01-24,NA,"Temperature, water"," ","deg C",8
"21NC01WQ-J1330000",1995-02-14,NA,"Temperature, water"," ","deg C",10
"21NC01WQ-J1330000",1995-03-23,NA,"Temperature, water"," ","deg C",22.3
"21NC01WQ-J1330000",1995-04-24,NA,"Temperature, water"," ","deg C",15.2
"21NC01WQ-J1330000",1995-05-22,NA,"Temperature, water"," ","deg C",22
"21NC01WQ-J1330000",1995-06-21,NA,"Temperature, water"," ","deg C",22.1
"21NC01WQ-J1330000",1995-07-25,NA,"Temperature, water"," ","deg C",27.1
"21NC01WQ-J1330000",1995-08-14,NA,"Temperature, water"," ","deg C",27
"21NC01WQ-J1330000",1995-09-11,NA,"Temperature, water"," ","deg C",23
"21NC01WQ-J1330000",1995-11-28,NA,"Temperature, water"," ","deg C",15
"21NC01WQ-J1330000",1995-12-14,NA,"Temperature, water"," ","deg C",9
"21NC01WQ-J1330000",1996-01-18,NA,"Temperature, water"," ","deg C",7.1
"21NC01WQ-J1330000",1996-03-19,NA,"Temperature, water"," ","deg C",10
"21NC01WQ-J1330000",1996-04-09,NA,"Temperature, water"," ","deg C",9.9
"21NC01WQ-J1330000",1996-05-28,NA,"Temperature, water"," ","deg C",20
"21NC01WQ-J1330000",1996-06-12,NA,"Temperature, water"," ","deg C",25
"21NC01WQ-J1330000",1996-06-25,NA,"Temperature, water"," ","deg C",25.2
"21NC01WQ-J1330000",1996-07-16,NA,"Temperature, water"," ","deg C",25.1
"21NC01WQ-J1330000",1996-08-19,NA,"Temperature, water"," ","deg C",24.6
"21NC01WQ-J1330000",1996-09-19,NA,"Temperature, water"," ","deg C",21.1
"21NC01WQ-J1330000",1996-10-16,NA,"Temperature, water"," ","deg C",18.9
"21NC01WQ-J1330000",1996-11-07,NA,"Temperature, water"," ","deg C",18.7
"21NC01WQ-J1330000",1996-12-10,NA,"Temperature, water"," ","deg C",8.2
"21NC02WQ-J1330000",1997-01-23,NA,"Temperature, water",NA,"deg C",11
"21NC02WQ-J1330000",1997-02-18,NA,"Temperature, water",NA,"deg C",11
"21NC02WQ-J1330000",1997-03-13,NA,"Temperature, water",NA,"deg C",15
"21NC02WQ-J1330000",1997-04-16,NA,"Temperature, water",NA,"deg C",16.9
"21NC02WQ-J1330000",1997-05-14,NA,"Temperature, water",NA,"deg C",19.8
"21NC02WQ-J1330000",1997-06-23,NA,"Temperature, water",NA,"deg C",26
"21NC02WQ-J1330000",1997-07-30,NA,"Temperature, water",NA,"deg C",24.9
"21NC02WQ-J1330000",1997-08-05,NA,"Temperature, water",NA,"deg C",26
"21NC02WQ-J1330000",1997-09-24,NA,"Temperature, water",NA,"deg C",22
"21NC02WQ-J1330000",1997-10-23,NA,"Temperature, water",NA,"deg C",16
"21NC02WQ-J1330000",1997-11-12,NA,"Temperature, water",NA,"deg C",16
"21NC02WQ-J1330000",1997-12-19,NA,"Temperature, water",NA,"deg C",9
"21NC02WQ-J1330000",1998-01-20,NA,"Temperature, water",NA,"deg C",8.5
"21NC02WQ-J1330000",1998-02-12,NA,"Temperature, water",NA,"deg C",10
"21NC02WQ-J1330000",1998-03-10,NA,"Temperature, water",NA,"deg C",13
"21NC02WQ-J1330000",1998-04-13,NA,"Temperature, water",NA,"deg C",17.5
"21NC02WQ-J1330000",1998-05-12,NA,"Temperature, water",NA,"deg C",18.5
"21NC02WQ-J1330000",1998-06-08,NA,"Temperature, water",NA,"deg C",21.5
"21NC02WQ-J1330000",1998-07-09,NA,"Temperature, water",NA,"deg C",27.7
"21NC02WQ-J1330000",1998-08-17,NA,"Temperature, water",NA,"deg C",27.4
"21NC02WQ-J1330000",1998-09-21,NA,"Temperature, water",NA,"deg C",25.5
"21NC02WQ-J1330000",1998-10-12,NA,"Temperature, water",NA,"deg C",20.3
"21NC02WQ-J1330000",1998-11-04,NA,"Temperature, water",NA,"deg C",14.6
"21NC02WQ-J1330000",1998-12-03,NA,"Temperature, water",NA,"deg C",16
"21NC02WQ-J1330000",1999-01-11,NA,"Temperature, water",NA,"deg C",7.6
"21NC02WQ-J1330000",1999-02-11,NA,"Temperature, water",NA,"deg C",14.7
"21NC02WQ-J1330000",1999-03-04,NA,"Temperature, water",NA,"deg C",11.8
"21NC02WQ-J1330000",1999-04-15,NA,"Temperature, water",NA,"deg C",16.4
"21NC02WQ-J1330000",1999-05-10,NA,"Temperature, water",NA,"deg C",21.5
"21NC02WQ-J1330000",1999-06-09,NA,"Temperature, water",NA,"deg C",27.4
"21NC02WQ-J1330000",1999-07-22,NA,"Temperature, water",NA,"deg C",28.4
"21NC02WQ-J1330000",1999-08-16,NA,"Temperature, water",NA,"deg C",28
"21NC02WQ-J1330000",1999-09-20,NA,"Temperature, water",NA,"deg C",21
"21NC02WQ-J1330000",1999-10-19,NA,"Temperature, water",NA,"deg C",17.1
"21NC02WQ-J1330000",1999-11-08,NA,"Temperature, water",NA,"deg C",15.1
"21NC02WQ-J1330000",1999-12-14,NA,"Temperature, water",NA,"deg C",15
"21NC02WQ-J1330000",2000-01-12,NA,"Temperature, water",NA,"deg C",11
"21NC02WQ-J1330000",2000-02-21,NA,"Temperature, water",NA,"deg C",10
"21NC02WQ-J1330000",2000-03-03,NA,"Temperature, water",NA,"deg C",11
"21NC02WQ-J1330000",2000-04-24,NA,"Temperature, water",NA,"deg C",15
"21NC02WQ-J1330000",2000-06-02,NA,"Temperature, water",NA,"deg C",19
"21NC02WQ-J1330000",2000-06-28,NA,"Temperature, water",NA,"deg C",26
"21NC02WQ-J1330000",2000-07-12,NA,"Temperature, water",NA,"deg C",26
"21NC02WQ-J1330000",2000-08-17,NA,"Temperature, water",NA,"deg C",26
"21NC02WQ-J1330000",2000-09-18,NA,"Temperature, water",NA,"deg C",16
"21NC02WQ-J1330000",2000-10-30,NA,"Temperature, water",NA,"deg C",15
"21NC02WQ-J1330000",2000-11-16,NA,"Temperature, water",NA,"deg C",9
"21NC02WQ-J1330000",2000-12-18,NA,"Temperature, water",NA,"deg C",8
"21NC02WQ-J1330000",2001-01-31,NA,"Temperature, water",NA,"deg C",8
"21NC02WQ-J1330000",2001-02-26,NA,"Temperature, water",NA,"deg C",10
"21NC02WQ-J1330000",2001-04-24,NA,"Temperature, water",NA,"deg C",19
"21NC02WQ-J1330000",2001-05-22,NA,"Temperature, water",NA,"deg C",22
"21NC02WQ-J1330000",2001-06-20,NA,"Temperature, water",NA,"deg C",22
"21NC02WQ-J1330000",2001-07-17,NA,"Temperature, water",NA,"deg C",26
"21NC02WQ-J1330000",2001-09-26,NA,"Temperature, water",NA,"deg C",18.8
"21NC02WQ-J1330000",2001-10-15,NA,"Temperature, water",NA,"deg C",18.5
"21NC02WQ-J1330000",2001-11-06,NA,"Temperature, water",NA,"deg C",15
"21NC02WQ-J1330000",2001-12-06,NA,"Temperature, water",NA,"deg C",15.6
"21NC02WQ-J1330000",2002-01-29,NA,"Temperature, water",NA,"deg C",12.4
"21NC02WQ-J1330000",2002-02-25,NA,"Temperature, water",NA,"deg C",10.6
"21NC02WQ-J1330000",2002-03-14,NA,"Temperature, water",NA,"deg C",15.8
"21NC02WQ-J1330000",2002-05-13,NA,"Temperature, water",NA,"deg C",24.4
"21NC02WQ-J1330000",2002-07-01,NA,"Temperature, water",NA,"deg C",25.6
"21NC02WQ-J1330000",2002-07-15,NA,"Temperature, water",NA,"deg C",24.7
"21NC02WQ-J1330000",2002-08-12,NA,"Temperature, water",NA,"deg C",27.2
"21NC02WQ-J1330000",2002-10-01,NA,"Temperature, water",NA,"deg C",23.2
"21NC02WQ-J1330000",2002-10-31,NA,"Temperature, water",NA,"deg C",14
"21NC02WQ-J1330000",2002-11-14,NA,"Temperature, water",NA,"deg C",14.6
"21NC02WQ-J1330000",2002-12-03,NA,"Temperature, water",NA,"deg C",11.3
"21NC02WQ-J1330000",2003-01-08,NA,"Temperature, water",NA,"deg C",9
"21NC02WQ-J1330000",2003-02-20,NA,"Temperature, water",NA,"deg C",8.5
"21NC02WQ-J1330000",2003-03-04,NA,"Temperature, water",NA,"deg C",9.7
"21NC02WQ-J1330000",2003-04-23,NA,"Temperature, water",NA,"deg C",15.8
"21NC02WQ-J1330000",2003-05-12,NA,"Temperature, water",NA,"deg C",22.1
"21NC02WQ-J1330000",2003-06-10,NA,"Temperature, water",NA,"deg C",24.5
"21NC02WQ-J1330000",2003-07-16,NA,"Temperature, water",NA,"deg C",25.7
"21NC02WQ-J1330000",2003-08-05,NA,"Temperature, water",NA,"deg C",27.3
"21NC02WQ-J1330000",2003-09-02,NA,"Temperature, water",NA,"deg C",27.4
"21NC02WQ-J1330000",2003-10-01,NA,"Temperature, water",NA,"deg C",18.4
"21NC02WQ-J1330000",2003-11-03,NA,"Temperature, water",NA,"deg C",19.8
"21NC02WQ-J1330000",2003-12-01,NA,"Temperature, water",NA,"deg C",11.9
"21NC02WQ-J1330000",2004-01-05,NA,"Temperature, water",NA,"deg C",16
"21NC02WQ-J1330000",2004-02-03,NA,"Temperature, water",NA,"deg C",4
"21NC02WQ-J1330000",2004-03-01,NA,"Temperature, water",NA,"deg C",10
"21NC02WQ-J1330000",2004-04-01,NA,"Temperature, water",NA,"deg C",12.9
"21NC02WQ-J1330000",2004-05-06,NA,"Temperature, water",NA,"deg C",18.4
"21NC02WQ-J1330000",2004-06-01,NA,"Temperature, water",NA,"deg C",23.5
"21NC02WQ-J1330000",2004-07-06,NA,"Temperature, water",NA,"deg C",26.2
"21NC02WQ-J1330000",2004-08-03,NA,"Temperature, water",NA,"deg C",24.9
"21NC02WQ-J1330000",2004-09-07,NA,"Temperature, water",NA,"deg C",23.3
"21NC02WQ-J1330000",2004-10-06,NA,"Temperature, water",NA,"deg C",20.6
"21NC02WQ-J1330000",2004-11-15,NA,"Temperature, water",NA,"deg C",13.4
"21NC02WQ-J1330000",2004-12-03,NA,"Temperature, water",NA,"deg C",11.1
"21NC02WQ-J1330000",2005-01-11,NA,"Temperature, water",NA,"deg C",13
"21NC02WQ-J1330000",2005-02-10,NA,"Temperature, water",NA,"deg C",12.3
"21NC02WQ-J1330000",2005-03-09,NA,"Temperature, water",NA,"deg C",9.6
"21NC02WQ-J1330000",2005-03-23,NA,"Temperature, water",NA,"deg C",13.7
"21NC02WQ-J1330000",2005-04-03,NA,"Temperature, water",NA,"deg C",15.9
"21NC02WQ-J1330000",2005-04-18,NA,"Temperature, water",NA,"deg C",18.4
"21NC02WQ-J1330000",2005-05-04,NA,"Temperature, water",NA,"deg C",17.6
"21NC02WQ-J1330000",2005-05-17,NA,"Temperature, water",NA,"deg C",22
"21NC02WQ-J1330000",2005-06-02,NA,"Temperature, water",NA,"deg C",18.4
"21NC02WQ-J1330000",2005-06-16,NA,"Temperature, water",NA,"deg C",26.4
"21NC02WQ-J1330000",2005-06-28,NA,"Temperature, water",NA,"deg C",25.1
"21NC02WQ-J1330000",2005-07-14,NA,"Temperature, water",NA,"deg C",27.5
"21NC02WQ-J1330000",2005-07-28,NA,"Temperature, water",NA,"deg C",26.9
"21NC02WQ-J1330000",2005-08-11,NA,"Temperature, water",NA,"deg C",25.7
"21NC02WQ-J1330000",2005-08-23,NA,"Temperature, water",NA,"deg C",26.1
"21NC02WQ-J1330000",2005-09-23,NA,"Temperature, water",NA,"deg C",23.2
"21NC02WQ-J1330000",2005-10-05,NA,"Temperature, water",NA,"deg C",24.4
"21NC02WQ-J1330000",2005-10-20,NA,"Temperature, water",NA,"deg C",20.2
"21NC02WQ-J1330000",2005-11-02,NA,"Temperature, water",NA,"deg C",16.7
"21NC02WQ-J1330000",2005-11-16,NA,"Temperature, water",NA,"deg C",20.1
"21NC02WQ-J1330000",2005-11-29,NA,"Temperature, water",NA,"deg C",15.6
"21NC02WQ-J1330000",2005-12-16,NA,"Temperature, water",NA,"deg C",6.2
"21NC02WQ-J1330000",2005-12-28,NA,"Temperature, water",NA,"deg C",9.5
"21NC02WQ-J1330000",2006-01-11,NA,"Temperature, water",NA,"deg C",13.7
"21NC02WQ-J1330000",2006-01-26,NA,"Temperature, water",NA,"deg C",9.5
"21NC02WQ-J1330000",2006-02-07,NA,"Temperature, water",NA,"deg C",10.1
"21NC02WQ-J1330000",2006-02-22,NA,"Temperature, water",NA,"deg C",10.6
"21NC02WQ-J1330000",2006-03-08,NA,"Temperature, water",NA,"deg C",12.9
"21NC02WQ-J1330000",2006-03-22,NA,"Temperature, water",NA,"deg C",14.9
"21NC02WQ-J1330000",2006-04-04,NA,"Temperature, water",NA,"deg C",16.9
"21NC02WQ-J1330000",2006-04-18,NA,"Temperature, water",NA,"deg C",19.3
"21NC02WQ-J1330000",2006-05-11,NA,"Temperature, water",NA,"deg C",20.2
"21NC02WQ-J1330000",2006-05-18,NA,"Temperature, water",NA,"deg C",20.2
"21NC02WQ-J1330000",2006-06-02,NA,"Temperature, water",NA,"deg C",24.5
"21NC02WQ-J1330000",2006-06-15,NA,"Temperature, water",NA,"deg C",19.9
"21NC02WQ-J1330000",2006-06-28,NA,"Temperature, water",NA,"deg C",24.2
"21NC02WQ-J1330000",2006-07-13,NA,"Temperature, water",NA,"deg C",26.7
"21NC02WQ-J1330000",2006-07-28,NA,"Temperature, water",NA,"deg C",25.3
"21NC02WQ-J1330000",2006-08-10,NA,"Temperature, water",NA,"deg C",27
"21NC02WQ-J1330000",2006-08-24,NA,"Temperature, water",NA,"deg C",26.1
"21NC02WQ-J1330000",2006-09-07,NA,"Temperature, water",NA,"deg C",23.2
"21NC02WQ-J1330000",2006-09-20,NA,"Temperature, water",NA,"deg C",22.1
"21NC02WQ-J1330000",2006-10-05,NA,"Temperature, water",NA,"deg C",24
"21NC02WQ-J1330000",2006-10-19,NA,"Temperature, water",NA,"deg C",20.3
"21NC02WQ-J1330000",2006-11-03,NA,"Temperature, water",NA,"deg C",13.2
"21NC02WQ-J1330000",2006-11-14,NA,"Temperature, water",NA,"deg C",15
"21NC02WQ-J1330000",2006-11-28,NA,"Temperature, water",NA,"deg C",13.8
"21NC02WQ-J1330000",2006-12-17,NA,"Temperature, water",NA,"deg C",13.5
"21NC02WQ-J1330000",2006-12-27,NA,"Temperature, water",NA,"deg C",11.1
"21NC02WQ-J1330000",2007-01-10,NA,"Temperature, water",NA,"deg C",9.5
"21NC02WQ-J1330000",2007-01-29,NA,"Temperature, water",NA,"deg C",6.1
"21NC02WQ-J1330000",2007-02-06,NA,"Temperature, water",NA,"deg C",7.8
"21NC02WQ-J1330000",2007-02-20,NA,"Temperature, water",NA,"deg C",10.3
"21NC02WQ-J1330000",2007-03-08,NA,"Temperature, water",NA,"deg C",13.3
"21NC02WQ-J1330000",2007-03-20,NA,"Temperature, water",NA,"deg C",12
"21NC02WQ-J1330000",2007-04-10,NA,"Temperature, water",NA,"deg C",17.9
"21NC02WQ-J1330000",2007-04-18,NA,"Temperature, water",NA,"deg C",15.9
"21NC02WQ-J1330000",2007-05-02,NA,"Temperature, water",NA,"deg C",21.4
"21NC02WQ-J1330000",2007-05-18,NA,"Temperature, water",NA,"deg C",18.7
"21NC02WQ-J1330000",2007-06-04,NA,"Temperature, water",NA,"deg C",22
"21NC02WQ-J1330000",2007-06-20,NA,"Temperature, water",NA,"deg C",23.7
"21NC02WQ-J1330000",2007-07-01,NA,"Temperature, water",NA,"deg C",27.3
"21NC02WQ-J1330000",2007-07-17,NA,"Temperature, water",NA,"deg C",25.7
"21NC02WQ-J1330000",2007-08-01,NA,"Temperature, water",NA,"deg C",28.2
"21NC02WQ-J1330000",2007-08-09,NA,"Temperature, water",NA,"deg C",27.8
"21NC02WQ-J1330000",2007-09-04,NA,"Temperature, water",NA,"deg C",25.2
"21NC02WQ-J1330000",2007-09-20,NA,"Temperature, water",NA,"deg C",21
"21NC02WQ-J1330000",2007-10-31,NA,"Temperature, water",NA,"deg C",14.8
"21NC03WQ-J1330000",2008-01-28,NA,"Phosphorus","Total","mg/l",0.78
"21NC03WQ-J1330000",2008-01-28,NA,"Temperature, water",NA,"deg C",9.6
"21NC03WQ-J1330000",2008-04-30,NA,"Phosphorus","Total","mg/l",0.2
"21NC03WQ-J1330000",2008-04-30,NA,"Temperature, water",NA,"deg C",16.1
"21NC03WQ-J1330000",2008-05-27,NA,"Phosphorus","Total","mg/l",0.14
"21NC03WQ-J1330000",2008-05-27,NA,"Temperature, water",NA,"deg C",23.9
"21NC03WQ-J1330000",2008-06-25,NA,"Phosphorus","Total","mg/l",0.1
"21NC03WQ-J1330000",2008-06-25,NA,"Temperature, water",NA,"deg C",26.5
"21NC03WQ-J1330000",2008-07-28,NA,"Phosphorus","Total","mg/l",0.1
"21NC03WQ-J1330000",2008-07-28,NA,"Temperature, water",NA,"deg C",27.4
"21NC03WQ-J1330000",2008-08-18,NA,"Phosphorus","Total","mg/l",0.11
"21NC03WQ-J1330000",2008-08-18,NA,"Temperature, water",NA,"deg C",25.3
"21NC03WQ-J1330000",2008-09-04,NA,"Phosphorus","Total","mg/l",0.09
"21NC03WQ-J1330000",2008-09-04,NA,"Temperature, water",NA,"deg C",24.7
"21NC03WQ-J1330000",2008-10-16,NA,"Phosphorus","Total","mg/l",0.08
"21NC03WQ-J1330000",2008-10-16,NA,"Temperature, water",NA,"deg C",20.8
"21NC03WQ-J1330000",2008-11-05,NA,"Phosphorus","Total","mg/l",0.11
"21NC03WQ-J1330000",2008-11-05,NA,"Temperature, water",NA,"deg C",16.7
"21NC03WQ-J1330000",2008-12-03,NA,"Phosphorus","Total","mg/l",0.07
"21NC03WQ-J1330000",2008-12-03,NA,"Temperature, water",NA,"deg C",9.7
"21NC03WQ-J1330000",2009-01-05,NA,"Phosphorus","Total","mg/l",0.08
"21NC03WQ-J1330000",2009-01-05,NA,"Temperature, water",NA,"deg C",12.7
"21NC03WQ-J1330000",2009-02-05,NA,"Phosphorus","Total","mg/l",0.05
"21NC03WQ-J1330000",2009-02-05,NA,"Temperature, water",NA,"deg C",7
"21NC03WQ-J1330000",2009-03-10,NA,"Phosphorus","Total","mg/l",0.1
"21NC03WQ-J1330000",2009-03-10,NA,"Temperature, water",NA,"deg C",15.3
"21NC03WQ-J1330000",2009-04-07,NA,"Phosphorus","Total","mg/l",0.08
"21NC03WQ-J1330000",2009-04-07,NA,"Temperature, water",NA,"deg C",14.1
"21NC03WQ-J1330000",2009-05-07,NA,"Phosphorus","Total","mg/l",0.2
"21NC03WQ-J1330000",2009-05-07,NA,"Temperature, water",NA,"deg C",21.5
"21NC03WQ-J1330000",2009-06-04,NA,"Phosphorus","Total","mg/l",0.09
"21NC03WQ-J1330000",2009-06-04,NA,"Temperature, water",NA,"deg C",24.4
"21NC03WQ-J1330000",2009-07-08,NA,"Phosphorus","Total","mg/l",0.2
"21NC03WQ-J1330000",2009-07-08,NA,"Temperature, water",NA,"deg C",27
"21NC03WQ-J1330000",2009-10-21,NA,"Phosphorus","Total","mg/l",0.26
"21NC03WQ-J1330000",2009-10-21,NA,"Temperature, water",NA,"deg C",17.5
"21NC03WQ-J1330000",2010-01-21,NA,"Phosphorus","Total","mg/l",0.23
"21NC03WQ-J1330000",2010-01-21,NA,"Temperature, water",NA,"deg C",9.4
"21NC03WQ-J1330000",2010-04-08,NA,"Phosphorus","Total","mg/l",0.1
"21NC03WQ-J1330000",2010-04-08,NA,"Temperature, water",NA,"deg C",21.7
"21NC03WQ-J1330000",2010-07-14,NA,"Phosphorus","Total","mg/l",0.35
"21NC03WQ-J1330000",2010-07-14,NA,"Temperature, water",NA,"deg C",27.5
"21NC03WQ-J1330000",2010-10-26,NA,"Phosphorus","Total","mg/l",0.32
"21NC03WQ-J1330000",2010-10-26,NA,"Temperature, water",NA,"deg C",18.9
"21NC03WQ-J1330000",2011-01-05,NA,"Phosphorus","Total","mg/l",0.07
"21NC03WQ-J1330000",2011-01-05,NA,"Temperature, water",NA,"deg C",9.1
"21NC03WQ-J1330000",2011-04-06,NA,"Phosphorus","Total","mg/l",0.08
"21NC03WQ-J1330000",2011-04-06,NA,"Temperature, water",NA,"deg C",13.2
"21NC03WQ-J1330000",2011-07-11,NA,"Phosphorus","Total","mg/l",0.15
"21NC03WQ-J1330000",2011-07-11,NA,"Temperature, water",NA,"deg C",27.3
"21NC03WQ-J1330000",2011-10-17,NA,"Phosphorus","Total","mg/l",0.18
"21NC03WQ-J1330000",2011-10-17,NA,"Temperature, water",NA,"deg C",20
"21NC03WQ-J1330000",2012-01-09,NA,"Phosphorus","Total","mg/l",0.08
"21NC03WQ-J1330000",2012-01-09,NA,"Temperature, water",NA,"deg C",12.4
"21NC03WQ-J1330000",2012-04-10,NA,"Phosphorus","Total","mg/l",0.13
"21NC03WQ-J1330000",2012-04-10,NA,"Temperature, water",NA,"deg C",18.6
"21NC03WQ-J1330000",2012-07-18,NA,"Phosphorus","Total","mg/l",0.17
"21NC03WQ-J1330000",2012-07-18,NA,"Temperature, water",NA,"deg C",29
"21NC03WQ-J1330000",2012-08-07,NA,"Phosphorus","Total","mg/l",0.28
"21NC03WQ-J1330000",2012-08-07,NA,"Temperature, water",NA,"deg C",27.1
"21NC03WQ-J1330000",2012-09-25,NA,"Phosphorus","Total","mg/l",0.1
"21NC03WQ-J1330000",2012-09-25,NA,"Temperature, water",NA,"deg C",20.1
"21NC03WQ-J1330000",2012-10-08,NA,"Phosphorus","Total","mg/l",0.27
"21NC03WQ-J1330000",2012-10-08,NA,"Temperature, water",NA,"deg C",17.1
"21NC03WQ-J1330000",2012-11-26,NA,"Phosphorus","Total","mg/l",0.1
"21NC03WQ-J1330000",2012-11-26,NA,"Temperature, water",NA,"deg C",12
"21NC03WQ-J1330000",2012-12-04,NA,"Phosphorus","Total","mg/l",0.07
"21NC03WQ-J1330000",2012-12-04,NA,"Temperature, water",NA,"deg C",15.7
"21NC03WQ-J1330000",2013-01-09,NA,"Phosphorus","Total","mg/l",0.1
"21NC03WQ-J1330000",2013-01-09,NA,"Temperature, water",NA,"deg C",11.9
"21NC03WQ-J1330000",2013-02-20,NA,"Phosphorus","Total","mg/l",0.09
"21NC03WQ-J1330000",2013-02-20,NA,"Temperature, water",NA,"deg C",8.6
"21NC03WQ-J1330000",2013-03-18,NA,"Phosphorus","Total","mg/l",0.22
"21NC03WQ-J1330000",2013-03-18,NA,"Temperature, water",NA,"deg C",11.2
"21NC03WQ-J1330000",2013-04-04,NA,"Phosphorus","Total","mg/l",0.28
"21NC03WQ-J1330000",2013-04-04,NA,"Temperature, water",NA,"deg C",12.5
"21NC03WQ-J1330000",2013-05-09,NA,"Phosphorus","Total","mg/l",0.12
"21NC03WQ-J1330000",2013-05-09,NA,"Temperature, water",NA,"deg C",18.1
"21NC03WQ-J1330000",2013-06-06,NA,"Phosphorus","Total","mg/l",0.24
"21NC03WQ-J1330000",2013-06-06,NA,"Temperature, water",NA,"deg C",21.9
"21NC03WQ-J1330000",2013-07-15,NA,"Phosphorus","Total","mg/l",0.17
"21NC03WQ-J1330000",2013-07-15,NA,"Temperature, water",NA,"deg C",25.1
"21NC03WQ-J1330000",2013-08-13,NA,"Phosphorus","Total","mg/l",0.26
"21NC03WQ-J1330000",2013-08-13,NA,"Temperature, water",NA,"deg C",25.3
"21NC03WQ-J1330000",2013-09-09,NA,"Phosphorus","Total","mg/l",0.14
"21NC03WQ-J1330000",2013-09-09,NA,"Temperature, water",NA,"deg C",23.6
"21NC03WQ-J1330000",2013-10-23,NA,"Phosphorus","Total","mg/l",0.08
"21NC03WQ-J1330000",2013-10-23,NA,"Temperature, water",NA,"deg C",19
"21NC03WQ-J1330000",2013-11-12,NA,"Phosphorus","Total","mg/l",0.08
"21NC03WQ-J1330000",2013-11-12,NA,"Temperature, water",NA,"deg C",14.1
"21NC03WQ-J1330000",2013-12-09,NA,"Phosphorus","Total","mg/l",0.08
"21NC03WQ-J1330000",2013-12-09,NA,"Temperature, water",NA,"deg C",11.1
"21NC03WQ-J1330000",2014-01-22,NA,"Phosphorus","Total","mg/l",0.07
"21NC03WQ-J1330000",2014-01-22,NA,"Temperature, water",NA,"deg C",7.5
"21NC03WQ-J1330000",2014-02-20,NA,"Phosphorus","Total","mg/l",0.1
"21NC03WQ-J1330000",2014-02-20,NA,"Temperature, water",NA,"deg C",11.9
"21NC03WQ-J1330000",2014-03-31,NA,"Phosphorus","Total","mg/l",0.09
"21NC03WQ-J1330000",2014-03-31,NA,"Temperature, water",NA,"deg C",13.6
"21NC03WQ-J1330000",2014-04-24,NA,"Phosphorus","Total","mg/l",0.06
"21NC03WQ-J1330000",2014-04-24,NA,"Temperature, water",NA,"deg C",19.7
"21NC03WQ-J1330000",2014-05-13,NA,"Phosphorus","Total","mg/l",0.14
"21NC03WQ-J1330000",2014-05-13,NA,"Temperature, water",NA,"deg C",25.1
"21NC03WQ-J1330000",2014-06-11,NA,"Phosphorus","Total","mg/l",0.11
"21NC03WQ-J1330000",2014-06-11,NA,"Temperature, water",NA,"deg C",26.9
"21NC03WQ-J1330000",2014-07-08,NA,"Phosphorus","Total","mg/l",0.15
"21NC03WQ-J1330000",2014-07-08,NA,"Temperature, water",NA,"deg C",24.4
"21NC03WQ-J1330000",2014-09-15,NA,"Phosphorus","Total","mg/l",0.14
"21NC03WQ-J1330000",2014-09-15,NA,"Temperature, water",NA,"deg C",25.7
"21NC03WQ-J1330000",2014-10-02,NA,"Phosphorus","Total","mg/l",0.11
"21NC03WQ-J1330000",2014-10-02,NA,"Temperature, water",NA,"deg C",22
"21NC03WQ-J1330000",2014-11-03,NA,"Phosphorus","Total","mg/l",0.08
"21NC03WQ-J1330000",2014-11-03,NA,"Temperature, water",NA,"deg C",15.3
"21NC03WQ-J1330000",2014-12-08,NA,"Phosphorus","Total","mg/l",0.06
"21NC03WQ-J1330000",2014-12-08,NA,"Temperature, water",NA,"deg C",11.6
"21NC03WQ-J1330000",2015-01-15,NA,"Phosphorus","Total","mg/l",0.08
"21NC03WQ-J1330000",2015-01-15,NA,"Temperature, water",NA,"deg C",7.5
"21NC03WQ-J1330000",2015-02-09,NA,"Phosphorus","Total","mg/l",0.06
"21NC03WQ-J1330000",2015-02-09,NA,"Temperature, water",NA,"deg C",12.1
"21NC03WQ-J1330000",2015-03-17,NA,"Phosphorus","Total","mg/l",0.05
"21NC03WQ-J1330000",2015-03-17,NA,"Temperature, water",NA,"deg C",1438
"21NC03WQ-J1330000",2015-04-22,NA,"Phosphorus","Total","mg/l",0.23
"21NC03WQ-J1330000",2015-04-22,NA,"Temperature, water",NA,"deg C",17.7
"21NC03WQ-J1330000",2015-05-07,NA,"Phosphorus","Total","mg/l",0.09
"21NC03WQ-J1330000",2015-05-07,NA,"Temperature, water",NA,"deg C",20.3
"21NC03WQ-J1330000",2015-06-16,NA,"Phosphorus","Total","mg/l",0.12
"21NC03WQ-J1330000",2015-06-16,NA,"Temperature, water",NA,"deg C",26.8
"21NC03WQ-J1330000",2015-07-15,NA,"Phosphorus","Total","mg/l",0.11
"21NC03WQ-J1330000",2015-07-15,NA,"Temperature, water",NA,"deg C",25.9
"21NC03WQ-J1330000",2015-08-05,NA,"Phosphorus","Total","mg/l",0.13
"21NC03WQ-J1330000",2015-08-05,NA,"Temperature, water",NA,"deg C",26.7
"21NC03WQ-J1330000",2015-09-09,NA,"Phosphorus","Total","mg/l",0.09
"21NC03WQ-J1330000",2015-09-09,NA,"Temperature, water",NA,"deg C",25.2
"21NC03WQ-J1330000",2015-10-26,NA,"Phosphorus","Total","mg/l",0.08
"21NC03WQ-J1330000",2015-10-26,NA,"Temperature, water",NA,"deg C",18.3
"21NC03WQ-J1330000",2015-12-01,NA,"Phosphorus","Total","mg/l",0.13
"21NC03WQ-J1330000",2015-12-01,NA,"Temperature, water",NA,"deg C",12.6
"21NC03WQ-J1330000",2016-01-13,NA,"Temperature, water",NA,"deg C",9.4
"21NC03WQ-J1330000",2016-02-09,NA,"Phosphorus","Total","mg/l",0.04
"21NC03WQ-J1330000",2016-02-09,NA,"Temperature, water",NA,"deg C",10.2
"21NC03WQ-J1330000",2016-03-09,NA,"Phosphorus","Total","mg/l",0.06
"21NC03WQ-J1330000",2016-03-09,NA,"Temperature, water",NA,"deg C",17.4
"21NC03WQ-J1330000",2016-04-13,NA,"Phosphorus","Total","mg/l",0.13
"21NC03WQ-J1330000",2016-04-13,NA,"Temperature, water",NA,"deg C",17.6
"21NC03WQ-J1330000",2016-05-12,NA,"Phosphorus","Total","mg/l",0.08
"21NC03WQ-J1330000",2016-05-12,NA,"Temperature, water",NA,"deg C",21.3
"21NC03WQ-J1330000",2016-06-14,NA,"Phosphorus","Total","mg/l",0.06
"21NC03WQ-J1330000",2016-06-14,NA,"Temperature, water",NA,"deg C",24.3
"21NC03WQ-J1330000",2016-07-12,NA,"Phosphorus","Total","mg/l",0.07
"21NC03WQ-J1330000",2016-07-12,NA,"Temperature, water",NA,"deg C",25.7
"21NC03WQ-J1330000",2016-08-11,NA,"Phosphorus","Total","mg/l",0.08
"21NC03WQ-J1330000",2016-08-11,NA,"Temperature, water",NA,"deg C",26
"21NC03WQ-J1330000",2016-09-08,NA,"Phosphorus","Total","mg/l",0.15
"21NC03WQ-J1330000",2016-09-08,NA,"Temperature, water",NA,"deg C",25.9
"21NC03WQ-J1330000",2016-10-11,NA,"Phosphorus","Total","mg/l",0.18
"21NC03WQ-J1330000",2016-10-11,NA,"Temperature, water",NA,"deg C",16.9
"21NC03WQ-J1330000",2016-11-08,NA,"Phosphorus","Total","mg/l",0.08
"21NC03WQ-J1330000",2016-11-08,NA,"Temperature, water",NA,"deg C",15.5
"21NC03WQ-J1330000",2016-12-14,NA,"Phosphorus","Total","mg/l",0.1
"21NC03WQ-J1330000",2016-12-14,NA,"Temperature, water",NA,"deg C",13.3
"21NC03WQ-J1330000",2017-01-25,NA,"Phosphorus","Total","mg/l",0.4
"21NC03WQ-J1330000",2017-01-25,NA,"Temperature, water",NA,"deg C",12.2
"21NC03WQ-J1330000",2017-02-13,NA,"Phosphorus","Total","mg/l",0.06
"21NC03WQ-J1330000",2017-02-13,NA,"Temperature, water",NA,"deg C",12.8
"21NC03WQ-J1330000",2017-03-07,NA,"Phosphorus","Total","mg/l",0.07
"21NC03WQ-J1330000",2017-03-07,NA,"Temperature, water",NA,"deg C",15.1
"21NC03WQ-J1330000",2017-04-19,NA,"Phosphorus","Total","mg/l",0.12
"21NC03WQ-J1330000",2017-04-19,NA,"Temperature, water",NA,"deg C",18.1
"21NC03WQ-J1330000",2017-05-30,NA,"Phosphorus","Total","mg/l",0.09
"21NC03WQ-J1330000",2017-05-30,NA,"Temperature, water",NA,"deg C",22.7
"21NC03WQ-J1330000",2017-06-28,NA,"Phosphorus","Total","mg/l",0.09
"21NC03WQ-J1330000",2017-07-31,NA,"Phosphorus","Total","mg/l",0.12
"21NC03WQ-J1330000",2017-07-31,NA,"Temperature, water",NA,"deg C",22.5
"21NC03WQ-J1330000",2017-08-31,NA,"Phosphorus","Total","mg/l",0.12
"21NC03WQ-J1330000",2017-08-31,NA,"Temperature, water",NA,"deg C",24.3
"21NC03WQ-J1330000",2017-09-28,NA,"Phosphorus","Total","mg/l",0.11
"21NC03WQ-J1330000",2017-09-28,NA,"Temperature, water",NA,"deg C",23.7
"21NC03WQ-J1330000",2017-10-26,NA,"Phosphorus","Total","mg/l",0.08
"21NC03WQ-J1330000",2017-10-26,NA,"Temperature, water",NA,"deg C",16.9
"21NC03WQ-J1330000",2017-11-21,NA,"Phosphorus","Total","mg/l",0.05
"21NC03WQ-J1330000",2017-11-21,NA,"Temperature, water",NA,"deg C",13.3
"21NC03WQ-J1330000",2017-12-13,NA,"Phosphorus","Total","mg/l",0.05
"21NC03WQ-J1330000",2017-12-13,NA,"Temperature, water",NA,"deg C",9.4
"21NC03WQ-J1330000",2018-01-25,NA,"Phosphorus","Total","mg/l",0.1
"21NC03WQ-J1330000",2018-02-15,NA,"Phosphorus","Total","mg/l",0.05
"21NC03WQ-J1330000",2018-02-20,NA,"Temperature, water",NA,"deg C",9.9
"21NC03WQ-J1330000",2018-03-19,NA,"Phosphorus","Total","mg/l",0.04
"21NC03WQ-J1330000",2018-03-19,NA,"Temperature, water",NA,"deg C",14.85
"21NC03WQ-J1330000",2018-04-18,NA,"Temperature, water",NA,"deg C",16.3
"21NC03WQ-J1330000",2018-06-04,NA,"Phosphorus","Total","mg/l",0.07
"21NC03WQ-J1330000",2018-06-04,NA,"Temperature, water",NA,"deg C",25.2
"21NC03WQ-J1330000",2018-06-27,NA,"Phosphorus","Total","mg/l",0.1
"21NC03WQ-J1330000",2018-06-27,NA,"Temperature, water",NA,"deg C",24.1
"21NC03WQ-J1330000",2018-07-26,NA,"Phosphorus","Total","mg/l",0.1
"21NC03WQ-J1330000",2018-07-26,NA,"Temperature, water",NA,"deg C",27.2
"21NC03WQ-J1330000",2018-08-16,NA,"Phosphorus","Total","mg/l",0.08
"21NC03WQ-J1330000",2018-08-16,NA,"Temperature, water",NA,"deg C",27.1
"21NC03WQ-J1330000",2018-10-25,NA,"Phosphorus","Total","mg/l",0.06
"21NC03WQ-J1330000",2018-10-25,NA,"Temperature, water",NA,"deg C",14.8
"21NC03WQ-J1330000",2018-11-19,NA,"Phosphorus","Total","mg/l",0.06
"21NC03WQ-J1330000",2018-11-19,NA,"Temperature, water",NA,"deg C",13.3
"21NC03WQ-J1330000",2018-12-17,NA,"Phosphorus","Total","mg/l",0.06
"21NC03WQ-J1330000",2018-12-17,NA,"Temperature, water",NA,"deg C",11.3
"USGS-0208675009",2016-10-08,"Storm","Nitrogen, mixed forms (NH3), (NH4), organic, (NO2) and (NO3)","Total","mg/l",1.35
"USGS-0208675009",2016-10-08,"Storm","Phosphorus","Total","mg/l as P",0.2865
"USGS-0208675009",2016-10-08,"Storm","Temperature, water",NA,"deg C",20.15
"USGS-0208675009",2016-12-06,"Storm","Nitrogen, mixed forms (NH3), (NH4), organic, (NO2) and (NO3)","Total","mg/l",0.64
"USGS-0208675009",2016-12-06,"Storm","Phosphorus","Total","mg/l as P",0.099
"USGS-0208675009",2016-12-06,"Storm","Temperature, water",NA,"deg C",10.4
"USGS-0208675009",2017-01-02,"Routine sample","Nitrogen, mixed forms (NH3), (NH4), organic, (NO2) and (NO3)","Total","mg/l",1.1
"USGS-0208675009",2017-01-02,"Routine sample","Phosphorus","Total","mg/l as P",0.213
"USGS-0208675009",2017-01-23,"Storm","Nitrogen, mixed forms (NH3), (NH4), organic, (NO2) and (NO3)","Total","mg/l",1.7
"USGS-0208675009",2017-01-23,"Storm","Phosphorus","Total","mg/l as P",0.371
"USGS-0208675009",2017-02-09,"Storm","Nitrogen, mixed forms (NH3), (NH4), organic, (NO2) and (NO3)","Total","mg/l",0.95
"USGS-0208675009",2017-02-09,"Storm","Phosphorus","Total","mg/l as P",0.159
"USGS-0208675009",2017-03-01,"Storm","Nitrogen, mixed forms (NH3), (NH4), organic, (NO2) and (NO3)","Total","mg/l",2.2
"USGS-0208675009",2017-03-01,"Storm","Phosphorus","Total","mg/l as P",0.516
"USGS-0208675009",2017-03-14,"Storm","Nitrogen, mixed forms (NH3), (NH4), organic, (NO2) and (NO3)","Total","mg/l",1
"USGS-0208675009",2017-03-14,"Storm","Phosphorus","Total","mg/l as P",0.157
"USGS-0208675009",2017-04-25,"Storm","Nitrogen, mixed forms (NH3), (NH4), organic, (NO2) and (NO3)","Total","mg/l",1.2
"USGS-0208675009",2017-04-25,"Storm","Phosphorus","Total","mg/l as P",0.282
"USGS-0208675009",2017-05-05,"Storm","Nitrogen, mixed forms (NH3), (NH4), organic, (NO2) and (NO3)","Total","mg/l",2.2
"USGS-0208675009",2017-05-05,"Storm","Phosphorus","Total","mg/l as P",0.74
"USGS-0208675009",2017-05-24,"Storm","Nitrogen, mixed forms (NH3), (NH4), organic, (NO2) and (NO3)","Total","mg/l",1.1
"USGS-0208675009",2017-05-24,"Storm","Phosphorus","Total","mg/l as P",0.215
"USGS-0208675009",2017-05-25,"Storm","Nitrogen, mixed forms (NH3), (NH4), organic, (NO2) and (NO3)","Total","mg/l",1.4
"USGS-0208675009",2017-05-25,"Storm","Phosphorus","Total","mg/l as P",0.413
"USGS-0208675009",2017-06-05,"Storm","Nitrogen, mixed forms (NH3), (NH4), organic, (NO2) and (NO3)","Total","mg/l",1.2
"USGS-0208675009",2017-06-05,"Storm","Phosphorus","Total","mg/l as P",0.276
"USGS-0208675009",2017-06-17,"Storm","Nitrogen, mixed forms (NH3), (NH4), organic, (NO2) and (NO3)","Total","mg/l",1.8
"USGS-0208675009",2017-06-17,"Storm","Phosphorus","Total","mg/l as P",0.46
"USGS-0208675009",2017-06-20,"Storm","Nitrogen, mixed forms (NH3), (NH4), organic, (NO2) and (NO3)","Total","mg/l",1.3
"USGS-0208675009",2017-06-20,"Storm","Phosphorus","Total","mg/l as P",0.263
"USGS-0208675009",2017-06-26,"Routine sample","Nitrogen, mixed forms (NH3), (NH4), organic, (NO2) and (NO3)","Total","mg/l",0.76
"USGS-0208675009",2017-06-26,"Routine sample","Phosphorus","Total","mg/l as P",0.092
"USGS-0208675009",2017-07-08,"Storm","Nitrogen, mixed forms (NH3), (NH4), organic, (NO2) and (NO3)","Total","mg/l",1.2
"USGS-0208675009",2017-07-08,"Storm","Phosphorus","Total","mg/l as P",0.173
"USGS-0208675009",2017-08-13,"Storm","Nitrogen, mixed forms (NH3), (NH4), organic, (NO2) and (NO3)","Total","mg/l",1.4
"USGS-0208675009",2017-08-13,"Storm","Phosphorus","Total","mg/l as P",0.27
"USGS-0208675009",2017-09-01,"Storm","Nitrogen, mixed forms (NH3), (NH4), organic, (NO2) and (NO3)","Total","mg/l",1.8
"USGS-0208675009",2017-09-01,"Storm","Phosphorus","Total","mg/l as P",0.437
"USGS-0208675009",2017-10-11,"Storm","Nitrogen, mixed forms (NH3), (NH4), organic, (NO2) and (NO3)","Total","mg/l",1.3
"USGS-0208675009",2017-10-11,"Storm","Phosphorus","Total","mg/l as P",0.236
"USGS-0208675009",2017-10-23,"Storm","Nitrogen, mixed forms (NH3), (NH4), organic, (NO2) and (NO3)","Total","mg/l",2.3
"USGS-0208675009",2017-10-23,"Storm","Phosphorus","Total","mg/l as P",0.554
"USGS-0208675009",2017-11-13,"Storm","Nitrogen, mixed forms (NH3), (NH4), organic, (NO2) and (NO3)","Total","mg/l",1.3
"USGS-0208675009",2017-11-13,"Storm","Phosphorus","Total","mg/l as P",0.371
"USGS-0208675009",2017-12-08,"Storm","Nitrogen, mixed forms (NH3), (NH4), organic, (NO2) and (NO3)","Total","mg/l",1.1
"USGS-0208675009",2017-12-08,"Storm","Phosphorus","Total","mg/l as P",0.274
"USGS-0208675009",2017-12-21,"Routine sample","Nitrogen, mixed forms (NH3), (NH4), organic, (NO2) and (NO3)","Total","mg/l",0.48
"USGS-0208675009",2017-12-21,"Routine sample","Phosphorus","Total","mg/l as P",0.092
"USGS-0208675009",2018-01-12,"Storm","Nitrogen, mixed forms (NH3), (NH4), organic, (NO2) and (NO3)","Total","mg/l",1.3
"USGS-0208675009",2018-01-12,"Storm","Phosphorus","Total","mg/l as P",0.254
"USGS-0208675010",2011-07-20,"Routine sample","Nitrogen, mixed forms (NH3), (NH4), organic, (NO2) and (NO3)","Total","mg/l",0.37
"USGS-0208675010",2011-07-20,"Routine sample","Phosphorus","Total","mg/l as P",0.039
"USGS-0208675010",2011-07-20,"Routine sample","Temperature, water",NA,"deg C",27.6
"USGS-0208675010",2011-09-02,"Routine sample","Nitrogen, mixed forms (NH3), (NH4), organic, (NO2) and (NO3)","Total","mg/l",0.44
"USGS-0208675010",2011-09-02,"Routine sample","Phosphorus","Total","mg/l as P",0.056
"USGS-0208675010",2011-09-02,"Routine sample","Temperature, water",NA,"deg C",25.8
"USGS-0208675010",2011-09-28,"Routine sample","Nitrogen, mixed forms (NH3), (NH4), organic, (NO2) and (NO3)","Total","mg/l",0.77
"USGS-0208675010",2011-09-28,"Routine sample","Phosphorus","Total","mg/l as P",0.128
"USGS-0208675010",2011-09-28,"Routine sample","Temperature, water",NA,"deg C",23.6
"USGS-0208675010",2011-10-26,"Routine sample","Phosphorus","Total","mg/l as P",0.046
"USGS-0208675010",2011-10-26,"Routine sample","Temperature, water",NA,"deg C",14.2
"USGS-0208675010",2011-11-28,"Routine sample","Phosphorus","Total","mg/l as P",0.057
"USGS-0208675010",2011-11-28,"Routine sample","Temperature, water",NA,"deg C",13.6
"USGS-0208675010",2011-12-29,"Routine sample","Nitrogen, mixed forms (NH3), (NH4), organic, (NO2) and (NO3)","Total","mg/l",0.71
"USGS-0208675010",2011-12-29,"Routine sample","Phosphorus","Total","mg/l as P",0.092
"USGS-0208675010",2011-12-29,"Routine sample","Temperature, water",NA,"deg C",7.1
"USGS-0208675010",2012-01-30,"Routine sample","Nitrogen, mixed forms (NH3), (NH4), organic, (NO2) and (NO3)","Total","mg/l",0.53
"USGS-0208675010",2012-01-30,"Routine sample","Phosphorus","Total","mg/l as P",0.059
"USGS-0208675010",2012-01-30,"Routine sample","Temperature, water",NA,"deg C",7.4
"USGS-0208675010",2012-02-23,"Routine sample","Nitrogen, mixed forms (NH3), (NH4), organic, (NO2) and (NO3)","Total","mg/l",0.77
"USGS-0208675010",2012-02-23,"Routine sample","Phosphorus","Total","mg/l as P",0.072
"USGS-0208675010",2012-02-23,"Routine sample","Temperature, water",NA,"deg C",10.8
"USGS-0208675010",2012-03-30,"Routine sample","Nitrogen, mixed forms (NH3), (NH4), organic, (NO2) and (NO3)","Total","mg/l",0.6
"USGS-0208675010",2012-03-30,"Routine sample","Phosphorus","Total","mg/l as P",0.061
"USGS-0208675010",2012-03-30,"Routine sample","Temperature, water",NA,"deg C",17.7
"USGS-0208675010",2012-04-25,"Routine sample","Nitrogen, mixed forms (NH3), (NH4), organic, (NO2) and (NO3)","Total","mg/l",0.76
"USGS-0208675010",2012-04-25,"Routine sample","Phosphorus","Total","mg/l as P",0.076
"USGS-0208675010",2012-04-25,"Routine sample","Temperature, water",NA,"deg C",14.3
"USGS-0208675010",2012-05-30,"Routine sample","Nitrogen, mixed forms (NH3), (NH4), organic, (NO2) and (NO3)","Total","mg/l",0.63
"USGS-0208675010",2012-05-30,"Routine sample","Phosphorus","Total","mg/l as P",0.096
"USGS-0208675010",2012-05-30,"Routine sample","Temperature, water",NA,"deg C",24.7
"USGS-0208675010",2012-06-29,"Routine sample","Phosphorus","Total","mg/l as P",0.074
"USGS-0208675010",2012-06-29,"Routine sample","Temperature, water",NA,"deg C",29.1
"USGS-02086770",2001-06-13,"Routine sample","Temperature, water",NA,"deg C",24
"USGS-0208682450",1993-05-20,"Routine sample","Temperature, water",NA,"deg C",20.5
"USGS-0208682450",1993-05-26,"Storm","Temperature, water",NA,"deg C",21.5
"USGS-0208682450",1994-03-29,"Storm","Temperature, water",NA,"deg C",13.5
"USGS-0208682450",2016-07-12,"Routine sample","Nitrate","Dissolved","mg/l as N",0.359
"USGS-0208682450",2016-07-12,"Routine sample","Nitrogen, mixed forms (NH3), (NH4), organic, (NO2) and (NO3)","Total","mg/l",1.02
"USGS-0208682450",2016-07-12,"Routine sample","Phosphorus","Total","mg/l as P",0.106
"USGS-0208682450",2016-07-12,"Routine sample","Temperature, water",NA,"deg C",24.4
"USGS-02086833",2016-07-12,"Routine sample","Nitrate","Dissolved","mg/l as N",1.14
"USGS-02086833",2016-07-12,"Routine sample","Nitrogen, mixed forms (NH3), (NH4), organic, (NO2) and (NO3)","Total","mg/l",1.73
"USGS-02086833",2016-07-12,"Routine sample","Phosphorus","Total","mg/l as P",0.097
"USGS-02086833",2016-07-12,"Routine sample","Temperature, water",NA,"deg C",24.9
"USGS-02086833",2018-03-27,"Routine sample","Nitrate","Dissolved","mg/l as N",2.68
"USGS-02086833",2018-03-27,"Routine sample","Nitrogen, mixed forms (NH3), (NH4), organic, (NO2) and (NO3)","Dissolved","mg/l",3.23
"USGS-02086833",2018-03-27,"Routine sample","Temperature, water",NA,"deg C",13.1
"USGS-02086835",2016-07-12,"Routine sample","Nitrate","Dissolved","mg/l as N",1.38
"USGS-02086835",2016-07-12,"Routine sample","Nitrogen, mixed forms (NH3), (NH4), organic, (NO2) and (NO3)","Total","mg/l",2.06
"USGS-02086835",2016-07-12,"Routine sample","Phosphorus","Total","mg/l as P",0.078
"USGS-02086835",2016-07-12,"Routine sample","Temperature, water",NA,"deg C",25.3
"USGS-02086837",2016-07-12,"Routine sample","Nitrate","Dissolved","mg/l as N",1.3
"USGS-02086837",2016-07-12,"Routine sample","Nitrogen, mixed forms (NH3), (NH4), organic, (NO2) and (NO3)","Total","mg/l",1.92
"USGS-02086837",2016-07-12,"Routine sample","Phosphorus","Total","mg/l as P",0.086
"USGS-02086837",2016-07-12,"Routine sample","Temperature, water",NA,"deg C",25.7
"USGS-02086837",2018-03-27,"Routine sample","Nitrate","Dissolved","mg/l as N",2.26
"USGS-02086837",2018-03-27,"Routine sample","Nitrogen, mixed forms (NH3), (NH4), organic, (NO2) and (NO3)","Dissolved","mg/l",2.79
"USGS-02086837",2018-03-27,"Routine sample","Temperature, water",NA,"deg C",12.3
"USGS-02086839",2016-07-12,"Routine sample","Nitrate","Dissolved","mg/l as N",1.18
"USGS-02086839",2016-07-12,"Routine sample","Nitrogen, mixed forms (NH3), (NH4), organic, (NO2) and (NO3)","Total","mg/l",1.82
"USGS-02086839",2016-07-12,"Routine sample","Phosphorus","Total","mg/l as P",0.076
"USGS-02086839",2016-07-12,"Routine sample","Temperature, water",NA,"deg C",26.1
"USGS-02086841",2016-07-12,"Routine sample","Nitrate","Dissolved","mg/l as N",1.16
"USGS-02086841",2016-07-12,"Routine sample","Nitrogen, mixed forms (NH3), (NH4), organic, (NO2) and (NO3)","Total","mg/l",1.84
"USGS-02086841",2016-07-12,"Routine sample","Phosphorus","Total","mg/l as P",0.068
"USGS-02086841",2016-07-12,"Routine sample","Temperature, water",NA,"deg C",27.2
"USGS-02086843",2016-07-12,"Routine sample","Nitrate","Dissolved","mg/l as N",1.19
"USGS-02086843",2016-07-12,"Routine sample","Nitrogen, mixed forms (NH3), (NH4), organic, (NO2) and (NO3)","Total","mg/l",1.78
"USGS-02086843",2016-07-12,"Routine sample","Phosphorus","Total","mg/l as P",0.08
"USGS-02086843",2016-07-12,"Routine sample","Temperature, water",NA,"deg C",26.9
"USGS-02086845",2016-07-12,"Routine sample","Nitrate","Dissolved","mg/l as N",1.18
"USGS-02086845",2016-07-12,"Routine sample","Nitrogen, mixed forms (NH3), (NH4), organic, (NO2) and (NO3)","Total","mg/l",1.79
"USGS-02086845",2016-07-12,"Routine sample","Phosphorus","Total","mg/l as P",0.081
"USGS-02086845",2016-07-12,"Routine sample","Temperature, water",NA,"deg C",27.1
"USGS-02086849",1982-11-17,"Routine sample","Nitrate","Total","mg/l as N",0.49
"USGS-02086849",1982-11-17,"Routine sample","Nitrogen, mixed forms (NH3), (NH4), organic, (NO2) and (NO3)","Dissolved","mg/l",25
"USGS-02086849",1982-11-17,"Routine sample","Nitrogen, mixed forms (NH3), (NH4), organic, (NO2) and (NO3)","Total","mg/l",26
"USGS-02086849",1982-11-17,"Routine sample","Phosphorus","Dissolved","mg/l as P",2.5
"USGS-02086849",1982-11-17,"Routine sample","Phosphorus","Total","mg/l as P",2.8
"USGS-02086849",1982-11-17,"Routine sample","Temperature, water",NA,"deg C",9.5
"USGS-02086849",1982-12-16,"Routine sample","Nitrate","Total","mg/l as N",0.523333333333333
"USGS-02086849",1982-12-16,"Routine sample","Nitrogen, mixed forms (NH3), (NH4), organic, (NO2) and (NO3)","Dissolved","mg/l",2
"USGS-02086849",1982-12-16,"Routine sample","Nitrogen, mixed forms (NH3), (NH4), organic, (NO2) and (NO3)","Total","mg/l",3.03333333333333
"USGS-02086849",1982-12-16,"Routine sample","Phosphorus","Dissolved","mg/l as P",0.18
"USGS-02086849",1982-12-16,"Routine sample","Phosphorus","Total","mg/l as P",0.633333333333333
"USGS-02086849",1982-12-16,"Routine sample","Temperature, water",NA,"deg C",12
"USGS-02086849",1983-02-22,"Routine sample","Nitrate","Total","mg/l as N",0.52
"USGS-02086849",1983-02-22,"Routine sample","Nitrogen, mixed forms (NH3), (NH4), organic, (NO2) and (NO3)","Total","mg/l",14
"USGS-02086849",1983-02-22,"Routine sample","Phosphorus","Total","mg/l as P",17
"USGS-02086849",1983-02-22,"Routine sample","Temperature, water",NA,"deg C",8.5
"USGS-02086849",1983-03-18,"Routine sample","Nitrate","Total","mg/l as N",0.345
"USGS-02086849",1983-03-18,"Routine sample","Nitrogen, mixed forms (NH3), (NH4), organic, (NO2) and (NO3)","Dissolved","mg/l",0.79
"USGS-02086849",1983-03-18,"Routine sample","Nitrogen, mixed forms (NH3), (NH4), organic, (NO2) and (NO3)","Total","mg/l",1.5
"USGS-02086849",1983-03-18,"Routine sample","Phosphorus","Dissolved","mg/l as P",0.07
"USGS-02086849",1983-03-18,"Routine sample","Phosphorus","Total","mg/l as P",0.23
"USGS-02086849",1983-03-18,"Routine sample","Temperature, water",NA,"deg C",11.75
"USGS-02086849",1983-05-09,"Routine sample","Nitrate","Total","mg/l as N",2.1
"USGS-02086849",1983-05-09,"Routine sample","Nitrogen, mixed forms (NH3), (NH4), organic, (NO2) and (NO3)","Dissolved","mg/l",15
"USGS-02086849",1983-05-09,"Routine sample","Nitrogen, mixed forms (NH3), (NH4), organic, (NO2) and (NO3)","Total","mg/l",17
"USGS-02086849",1983-05-09,"Routine sample","Phosphorus","Dissolved","mg/l as P",2.8
"USGS-02086849",1983-05-09,"Routine sample","Phosphorus","Total","mg/l as P",6.4
"USGS-02086849",1983-05-09,"Routine sample","Temperature, water",NA,"deg C",16.5
"USGS-02086849",1983-08-01,"Routine sample","Nitrate","Total","mg/l as N",17.6
"USGS-02086849",1983-08-01,"Routine sample","Nitrogen, mixed forms (NH3), (NH4), organic, (NO2) and (NO3)","Total","mg/l",22
"USGS-02086849",1983-08-01,"Routine sample","Phosphorus","Total","mg/l as P",5.9
"USGS-02086849",1983-08-01,"Routine sample","Temperature, water",NA,"deg C",27
"USGS-02086849",1983-09-07,"Routine sample","Nitrate","Total","mg/l as N",10.7
"USGS-02086849",1983-09-07,"Routine sample","Nitrogen, mixed forms (NH3), (NH4), organic, (NO2) and (NO3)","Dissolved","mg/l",14
"USGS-02086849",1983-09-07,"Routine sample","Nitrogen, mixed forms (NH3), (NH4), organic, (NO2) and (NO3)","Total","mg/l",17
"USGS-02086849",1983-09-07,"Routine sample","Phosphorus","Dissolved","mg/l as P",6
"USGS-02086849",1983-09-07,"Routine sample","Phosphorus","Total","mg/l as P",6.2
"USGS-02086849",1983-09-07,"Routine sample","Temperature, water",NA,"deg C",26
"USGS-02086849",1983-09-26,"Routine sample","Nitrate","Total","mg/l as N",18.8
"USGS-02086849",1983-09-26,"Routine sample","Nitrogen, mixed forms (NH3), (NH4), organic, (NO2) and (NO3)","Total","mg/l",23
"USGS-02086849",1983-09-26,"Routine sample","Phosphorus","Total","mg/l as P",6
"USGS-02086849",1983-09-26,"Routine sample","Temperature, water",NA,"deg C",17
"USGS-02086849",1983-10-24,"Routine sample","Nitrate","Total","mg/l as N",1.65
"USGS-02086849",1983-10-24,"Routine sample","Nitrogen, mixed forms (NH3), (NH4), organic, (NO2) and (NO3)","Total","mg/l",3.4
"USGS-02086849",1983-10-24,"Routine sample","Phosphorus","Total","mg/l as P",0.53
"USGS-02086849",1983-10-24,"Routine sample","Temperature, water",NA,"deg C",17.5
"USGS-02086849",1983-11-29,"Routine sample","Nitrate","Total","mg/l as N",4.52
"USGS-02086849",1983-11-29,"Routine sample","Nitrogen, mixed forms (NH3), (NH4), organic, (NO2) and (NO3)","Total","mg/l",13
"USGS-02086849",1983-11-29,"Routine sample","Phosphorus","Total","mg/l as P",3.3
"USGS-02086849",1983-11-29,"Routine sample","Temperature, water",NA,"deg C",14.5
"USGS-02086849",1983-12-06,"Flood","Nitrate","Total","mg/l as N",0.51
"USGS-02086849",1983-12-06,"Flood","Nitrogen, mixed forms (NH3), (NH4), organic, (NO2) and (NO3)","Dissolved","mg/l",1.3
"USGS-02086849",1983-12-06,"Flood","Nitrogen, mixed forms (NH3), (NH4), organic, (NO2) and (NO3)","Total","mg/l",2.1
"USGS-02086849",1983-12-06,"Flood","Phosphorus","Dissolved","mg/l as P",0.13
"USGS-02086849",1983-12-06,"Flood","Phosphorus","Total","mg/l as P",0.31
"USGS-02086849",1983-12-06,"Flood","Temperature, water",NA,"deg C",12
"USGS-02086849",1984-01-24,"Routine sample","Nitrate","Total","mg/l as N",0.54
"USGS-02086849",1984-01-24,"Routine sample","Nitrogen, mixed forms (NH3), (NH4), organic, (NO2) and (NO3)","Total","mg/l",14
"USGS-02086849",1984-01-24,"Routine sample","Phosphorus","Total","mg/l as P",2.5
"USGS-02086849",1984-01-24,"Routine sample","Temperature, water",NA,"deg C",6.5
"USGS-02086849",1984-02-23,"Flood","Nitrate","Total","mg/l as N",0.27
"USGS-02086849",1984-02-23,"Flood","Nitrogen, mixed forms (NH3), (NH4), organic, (NO2) and (NO3)","Dissolved","mg/l",1
"USGS-02086849",1984-02-23,"Flood","Nitrogen, mixed forms (NH3), (NH4), organic, (NO2) and (NO3)","Total","mg/l",2.1
"USGS-02086849",1984-02-23,"Flood","Phosphorus","Dissolved","mg/l as P",0.06
"USGS-02086849",1984-02-23,"Flood","Phosphorus","Total","mg/l as P",0.14
"USGS-02086849",1984-02-23,"Flood","Temperature, water",NA,"deg C",9.5
"USGS-02086849",1984-03-14,"Routine sample","Nitrogen, mixed forms (NH3), (NH4), organic, (NO2) and (NO3)","Total","mg/l",4
"USGS-02086849",1984-03-14,"Routine sample","Phosphorus","Total","mg/l as P",0.76
"USGS-02086849",1984-03-14,"Routine sample","Temperature, water",NA,"deg C",8
"USGS-02086849",1984-03-28,"Routine sample","Nitrate","Total","mg/l as N",1.82
"USGS-02086849",1984-03-28,"Routine sample","Nitrogen, mixed forms (NH3), (NH4), organic, (NO2) and (NO3)","Total","mg/l",6.4
"USGS-02086849",1984-03-28,"Routine sample","Phosphorus","Total","mg/l as P",1.9
"USGS-02086849",1984-03-28,"Routine sample","Temperature, water",NA,"deg C",14.5
"USGS-02086849",1984-04-09,"Routine sample","Nitrogen, mixed forms (NH3), (NH4), organic, (NO2) and (NO3)","Total","mg/l",9.3
"USGS-02086849",1984-04-09,"Routine sample","Phosphorus","Total","mg/l as P",1.4
"USGS-02086849",1984-04-09,"Routine sample","Temperature, water",NA,"deg C",13
"USGS-02086849",1984-04-23,"Routine sample","Nitrate","Total","mg/l as N",0.44
"USGS-02086849",1984-04-23,"Routine sample","Nitrogen, mixed forms (NH3), (NH4), organic, (NO2) and (NO3)","Total","mg/l",3.3
"USGS-02086849",1984-04-23,"Routine sample","Phosphorus","Total","mg/l as P",0.33
"USGS-02086849",1984-04-23,"Routine sample","Temperature, water",NA,"deg C",10
"USGS-02086849",1984-05-03,"Routine sample","Nitrogen, mixed forms (NH3), (NH4), organic, (NO2) and (NO3)","Total","mg/l",10
"USGS-02086849",1984-05-03,"Routine sample","Phosphorus","Total","mg/l as P",3
"USGS-02086849",1984-05-03,"Routine sample","Temperature, water",NA,"deg C",16
"USGS-02086849",1984-05-21,"Routine sample","Nitrate","Total","mg/l as N",4.5
"USGS-02086849",1984-05-21,"Routine sample","Nitrogen, mixed forms (NH3), (NH4), organic, (NO2) and (NO3)","Total","mg/l",17
"USGS-02086849",1984-05-21,"Routine sample","Phosphorus","Dissolved","mg/l as P",5.2
"USGS-02086849",1984-05-21,"Routine sample","Phosphorus","Total","mg/l as P",5.1
"USGS-02086849",1984-05-21,"Routine sample","Temperature, water",NA,"deg C",20
"USGS-02086849",1984-06-05,"Routine sample","Nitrate","Total","mg/l as N",4.58
"USGS-02086849",1984-06-05,"Routine sample","Nitrogen, mixed forms (NH3), (NH4), organic, (NO2) and (NO3)","Total","mg/l",12
"USGS-02086849",1984-06-05,"Routine sample","Phosphorus","Total","mg/l as P",5.3
"USGS-02086849",1984-06-05,"Routine sample","Temperature, water",NA,"deg C",21.5
"USGS-02086849",1984-06-18,"Routine sample","Nitrogen, mixed forms (NH3), (NH4), organic, (NO2) and (NO3)","Total","mg/l",15
"USGS-02086849",1984-06-18,"Routine sample","Phosphorus","Total","mg/l as P",4.2
"USGS-02086849",1984-06-18,"Routine sample","Temperature, water",NA,"deg C",24.5
"USGS-02086849",1984-07-10,"Routine sample","Nitrogen, mixed forms (NH3), (NH4), organic, (NO2) and (NO3)","Total","mg/l",33
"USGS-02086849",1984-07-10,"Routine sample","Phosphorus","Total","mg/l as P",5.8
"USGS-02086849",1984-07-10,"Routine sample","Temperature, water",NA,"deg C",23
"USGS-02086849",1984-07-24,"Routine sample","Nitrate","Total","mg/l as N",5.35
"USGS-02086849",1984-07-24,"Routine sample","Nitrogen, mixed forms (NH3), (NH4), organic, (NO2) and (NO3)","Total","mg/l",11
"USGS-02086849",1984-07-24,"Routine sample","Phosphorus","Total","mg/l as P",3.8
"USGS-02086849",1984-07-24,"Routine sample","Temperature, water",NA,"deg C",24.5
"USGS-02086849",1984-08-07,"Routine sample","Nitrogen, mixed forms (NH3), (NH4), organic, (NO2) and (NO3)","Total","mg/l",13
"USGS-02086849",1984-08-07,"Routine sample","Phosphorus","Total","mg/l as P",5.3
"USGS-02086849",1984-08-07,"Routine sample","Temperature, water",NA,"deg C",26
"USGS-02086849",1984-08-23,"Routine sample","Nitrate","Total","mg/l as N",1.68
"USGS-02086849",1984-08-23,"Routine sample","Nitrogen, mixed forms (NH3), (NH4), organic, (NO2) and (NO3)","Total","mg/l",13
"USGS-02086849",1984-08-23,"Routine sample","Phosphorus","Total","mg/l as P",4.4
"USGS-02086849",1984-08-23,"Routine sample","Temperature, water",NA,"deg C",23
"USGS-02086849",1984-09-24,"Routine sample","Nitrate","Total","mg/l as N",0.47
"USGS-02086849",1984-09-24,"Routine sample","Nitrogen, mixed forms (NH3), (NH4), organic, (NO2) and (NO3)","Dissolved","mg/l",13
"USGS-02086849",1984-09-24,"Routine sample","Nitrogen, mixed forms (NH3), (NH4), organic, (NO2) and (NO3)","Total","mg/l",14
"USGS-02086849",1984-09-24,"Routine sample","Phosphorus","Dissolved","mg/l as P",5.5
"USGS-02086849",1984-09-24,"Routine sample","Phosphorus","Total","mg/l as P",5.6
"USGS-02086849",1984-09-24,"Routine sample","Temperature, water",NA,"deg C",21
"USGS-02086849",1984-10-23,"Routine sample","Nitrate","Total","mg/l as N",0.67
"USGS-02086849",1984-10-23,"Routine sample","Nitrogen, mixed forms (NH3), (NH4), organic, (NO2) and (NO3)","Total","mg/l",14
"USGS-02086849",1984-10-23,"Routine sample","Phosphorus","Total","mg/l as P",4.5
"USGS-02086849",1984-10-23,"Routine sample","Temperature, water",NA,"deg C",22.5
"USGS-02086849",1984-12-04,"Routine sample","Nitrate","Total","mg/l as N",1.3
"USGS-02086849",1984-12-04,"Routine sample","Nitrogen, mixed forms (NH3), (NH4), organic, (NO2) and (NO3)","Total","mg/l",26
"USGS-02086849",1984-12-04,"Routine sample","Phosphorus","Total","mg/l as P",2.4
"USGS-02086849",1984-12-04,"Routine sample","Temperature, water",NA,"deg C",9
"USGS-02086849",1984-12-19,"Routine sample","Nitrate","Total","mg/l as N",1.11
"USGS-02086849",1984-12-19,"Routine sample","Nitrogen, mixed forms (NH3), (NH4), organic, (NO2) and (NO3)","Dissolved","mg/l",16
"USGS-02086849",1984-12-19,"Routine sample","Nitrogen, mixed forms (NH3), (NH4), organic, (NO2) and (NO3)","Total","mg/l",20
"USGS-02086849",1984-12-19,"Routine sample","Phosphorus","Dissolved","mg/l as P",5.3
"USGS-02086849",1984-12-19,"Routine sample","Phosphorus","Total","mg/l as P",5.6
"USGS-02086849",1984-12-19,"Routine sample","Temperature, water",NA,"deg C",14
"USGS-02086849",1985-01-03,"Routine sample","Nitrate","Total","mg/l as N",0.55
"USGS-02086849",1985-01-03,"Routine sample","Nitrogen, mixed forms (NH3), (NH4), organic, (NO2) and (NO3)","Total","mg/l",3.5
"USGS-02086849",1985-01-03,"Routine sample","Phosphorus","Total","mg/l as P",0.75
"USGS-02086849",1985-01-03,"Routine sample","Temperature, water",NA,"deg C",9
"USGS-02086849",1985-02-20,"Routine sample","Nitrate","Total","mg/l as N",0.81
"USGS-02086849",1985-02-20,"Routine sample","Nitrogen, mixed forms (NH3), (NH4), organic, (NO2) and (NO3)","Total","mg/l",13
"USGS-02086849",1985-02-20,"Routine sample","Phosphorus","Total","mg/l as P",2.2
"USGS-02086849",1985-02-20,"Routine sample","Temperature, water",NA,"deg C",10
"USGS-02086849",1985-03-26,"Routine sample","Nitrate","Total","mg/l as N",1.67
"USGS-02086849",1985-03-26,"Routine sample","Nitrogen, mixed forms (NH3), (NH4), organic, (NO2) and (NO3)","Total","mg/l",12
"USGS-02086849",1985-03-26,"Routine sample","Phosphorus","Total","mg/l as P",3.1
"USGS-02086849",1985-03-26,"Routine sample","Temperature, water",NA,"deg C",9
"USGS-02086849",1985-04-30,"Routine sample","Nitrate","Total","mg/l as N",5.5
"USGS-02086849",1985-04-30,"Routine sample","Nitrogen, mixed forms (NH3), (NH4), organic, (NO2) and (NO3)","Total","mg/l",17
"USGS-02086849",1985-04-30,"Routine sample","Phosphorus","Total","mg/l as P",6.2
"USGS-02086849",1985-04-30,"Routine sample","Temperature, water",NA,"deg C",17.5
"USGS-02086849",1985-05-23,"Routine sample","Nitrate","Total","mg/l as N",1.25
"USGS-02086849",1985-05-23,"Routine sample","Nitrogen, mixed forms (NH3), (NH4), organic, (NO2) and (NO3)","Total","mg/l",2.5
"USGS-02086849",1985-05-23,"Routine sample","Phosphorus","Dissolved","mg/l as P",0.17
"USGS-02086849",1985-05-23,"Routine sample","Phosphorus","Total","mg/l as P",0.27
"USGS-02086849",1985-05-23,"Routine sample","Temperature, water",NA,"deg C",20
"USGS-02086849",1985-06-18,"Routine sample","Nitrate","Total","mg/l as N",4.82
"USGS-02086849",1985-06-18,"Routine sample","Nitrogen, mixed forms (NH3), (NH4), organic, (NO2) and (NO3)","Total","mg/l",18
"USGS-02086849",1985-06-18,"Routine sample","Phosphorus","Total","mg/l as P",1
"USGS-02086849",1985-06-18,"Routine sample","Temperature, water",NA,"deg C",24.5
"USGS-02086849",1985-07-22,"Routine sample","Nitrate","Total","mg/l as N",7.66
"USGS-02086849",1985-07-22,"Routine sample","Nitrogen, mixed forms (NH3), (NH4), organic, (NO2) and (NO3)","Total","mg/l",11
"USGS-02086849",1985-07-22,"Routine sample","Phosphorus","Total","mg/l as P",0.43
"USGS-02086849",1985-07-22,"Routine sample","Temperature, water",NA,"deg C",26
"USGS-02086849",1985-08-18,"Flood","Nitrate","Total","mg/l as N",0.94
"USGS-02086849",1985-08-18,"Flood","Nitrogen, mixed forms (NH3), (NH4), organic, (NO2) and (NO3)","Dissolved","mg/l",2.1
"USGS-02086849",1985-08-18,"Flood","Nitrogen, mixed forms (NH3), (NH4), organic, (NO2) and (NO3)","Total","mg/l",3.1
"USGS-02086849",1985-08-18,"Flood","Phosphorus","Dissolved","mg/l as P",0.09
"USGS-02086849",1985-08-18,"Flood","Phosphorus","Total","mg/l as P",0.19
"USGS-02086849",1985-08-18,"Flood","Temperature, water",NA,"deg C",25
"USGS-02086849",1985-09-24,"Routine sample","Nitrate","Total","mg/l as N",9.17
"USGS-02086849",1985-09-24,"Routine sample","Nitrogen, mixed forms (NH3), (NH4), organic, (NO2) and (NO3)","Total","mg/l",19
"USGS-02086849",1985-09-24,"Routine sample","Phosphorus","Total","mg/l as P",5.9
"USGS-02086849",1985-09-24,"Routine sample","Temperature, water",NA,"deg C",22
"USGS-02086849",1985-10-23,"Routine sample","Nitrate","Total","mg/l as N",6.75
"USGS-02086849",1985-10-23,"Routine sample","Nitrogen, mixed forms (NH3), (NH4), organic, (NO2) and (NO3)","Total","mg/l",19
"USGS-02086849",1985-10-23,"Routine sample","Phosphorus","Total","mg/l as P",4.1
"USGS-02086849",1985-10-23,"Routine sample","Temperature, water",NA,"deg C",20
"USGS-02086849",1985-11-21,"Flood","Nitrate","Total","mg/l as N",0.29
"USGS-02086849",1985-11-21,"Flood","Nitrogen, mixed forms (NH3), (NH4), organic, (NO2) and (NO3)","Dissolved","mg/l",1.1
"USGS-02086849",1985-11-21,"Flood","Nitrogen, mixed forms (NH3), (NH4), organic, (NO2) and (NO3)","Total","mg/l",1.9
"USGS-02086849",1985-11-21,"Flood","Phosphorus","Dissolved","mg/l as P",0.16
"USGS-02086849",1985-11-21,"Flood","Phosphorus","Total","mg/l as P",0.44
"USGS-02086849",1985-11-21,"Flood","Temperature, water",NA,"deg C",15.5
"USGS-02086849",1985-12-17,"Routine sample","Nitrate","Total","mg/l as N",0.48
"USGS-02086849",1985-12-17,"Routine sample","Nitrogen, mixed forms (NH3), (NH4), organic, (NO2) and (NO3)","Total","mg/l",13
"USGS-02086849",1985-12-17,"Routine sample","Phosphorus","Total","mg/l as P",3.2
"USGS-02086849",1985-12-17,"Routine sample","Temperature, water",NA,"deg C",8
"USGS-02086849",1986-01-22,"Routine sample","Nitrate","Total","mg/l as N",0.26
"USGS-02086849",1986-01-22,"Routine sample","Nitrogen, mixed forms (NH3), (NH4), organic, (NO2) and (NO3)","Dissolved","mg/l",19
"USGS-02086849",1986-01-22,"Routine sample","Nitrogen, mixed forms (NH3), (NH4), organic, (NO2) and (NO3)","Total","mg/l",21
"USGS-02086849",1986-01-22,"Routine sample","Phosphorus","Dissolved","mg/l as P",4.5
"USGS-02086849",1986-01-22,"Routine sample","Phosphorus","Total","mg/l as P",4.8
"USGS-02086849",1986-01-22,"Routine sample","Temperature, water",NA,"deg C",8
"USGS-02086849",1986-02-19,"Routine sample","Nitrate","Total","mg/l as N",0.49
"USGS-02086849",1986-02-19,"Routine sample","Nitrogen, mixed forms (NH3), (NH4), organic, (NO2) and (NO3)","Total","mg/l",11
"USGS-02086849",1986-02-19,"Routine sample","Phosphorus","Total","mg/l as P",1.9
"USGS-02086849",1986-02-19,"Routine sample","Temperature, water",NA,"deg C",12
"USGS-02086849",1986-03-25,"Routine sample","Nitrate","Total","mg/l as N",0.43
"USGS-02086849",1986-03-25,"Routine sample","Nitrogen, mixed forms (NH3), (NH4), organic, (NO2) and (NO3)","Dissolved","mg/l",13
"USGS-02086849",1986-03-25,"Routine sample","Phosphorus","Dissolved","mg/l as P",2.4
"USGS-02086849",1986-03-25,"Routine sample","Phosphorus","Total","mg/l as P",2.8
"USGS-02086849",1986-03-25,"Routine sample","Temperature, water",NA,"deg C",12
"USGS-02086849",1986-04-21,"Routine sample","Nitrate","Total","mg/l as N",0.06
"USGS-02086849",1986-04-21,"Routine sample","Nitrogen, mixed forms (NH3), (NH4), organic, (NO2) and (NO3)","Total","mg/l",9.3
"USGS-02086849",1986-04-21,"Routine sample","Phosphorus","Total","mg/l as P",6.6
"USGS-02086849",1986-04-21,"Routine sample","Temperature, water",NA,"deg C",17.5
"USGS-02086849",1986-05-28,"Routine sample","Nitrate","Total","mg/l as N",11
"USGS-02086849",1986-05-28,"Routine sample","Nitrogen, mixed forms (NH3), (NH4), organic, (NO2) and (NO3)","Total","mg/l",22
"USGS-02086849",1986-05-28,"Routine sample","Phosphorus","Total","mg/l as P",5.1
"USGS-02086849",1986-05-28,"Routine sample","Temperature, water",NA,"deg C",20.5
"USGS-02086849",1986-06-18,"Routine sample","Nitrate","Total","mg/l as N",7.4
"USGS-02086849",1986-06-18,"Routine sample","Nitrogen, mixed forms (NH3), (NH4), organic, (NO2) and (NO3)","Total","mg/l",21
"USGS-02086849",1986-06-18,"Routine sample","Phosphorus","Total","mg/l as P",5.7
"USGS-02086849",1986-06-18,"Routine sample","Temperature, water",NA,"deg C",23
"USGS-02086849",1986-07-28,"Routine sample","Nitrate","Total","mg/l as N",10.1
"USGS-02086849",1986-07-28,"Routine sample","Nitrogen, mixed forms (NH3), (NH4), organic, (NO2) and (NO3)","Total","mg/l",17
"USGS-02086849",1986-07-28,"Routine sample","Phosphorus","Total","mg/l as P",3.7
"USGS-02086849",1986-07-28,"Routine sample","Temperature, water",NA,"deg C",26.5
"USGS-02086849",1986-08-20,"Routine sample","Nitrate","Total","mg/l as N",0.25
"USGS-02086849",1986-08-20,"Routine sample","Nitrogen, mixed forms (NH3), (NH4), organic, (NO2) and (NO3)","Total","mg/l",1.1
"USGS-02086849",1986-08-20,"Routine sample","Phosphorus","Total","mg/l as P",0.19
"USGS-02086849",1986-08-20,"Routine sample","Temperature, water",NA,"deg C",22
"USGS-02086849",1986-09-23,"Routine sample","Nitrate","Total","mg/l as N",9
"USGS-02086849",1986-09-23,"Routine sample","Nitrogen, mixed forms (NH3), (NH4), organic, (NO2) and (NO3)","Total","mg/l",26
"USGS-02086849",1986-09-23,"Routine sample","Phosphorus","Total","mg/l as P",7.2
"USGS-02086849",1986-09-23,"Routine sample","Temperature, water",NA,"deg C",22
"USGS-02086849",1986-10-28,"Routine sample","Nitrate","Total","mg/l as N",2.89
"USGS-02086849",1986-10-28,"Routine sample","Nitrogen, mixed forms (NH3), (NH4), organic, (NO2) and (NO3)","Total","mg/l",19
"USGS-02086849",1986-10-28,"Routine sample","Phosphorus","Total","mg/l as P",5.3
"USGS-02086849",1986-10-28,"Routine sample","Temperature, water",NA,"deg C",17.5
"USGS-02086849",1986-11-24,"Routine sample","Nitrate","Total","mg/l as N",9.7
"USGS-02086849",1986-11-24,"Routine sample","Nitrogen, mixed forms (NH3), (NH4), organic, (NO2) and (NO3)","Total","mg/l",23
"USGS-02086849",1986-11-24,"Routine sample","Phosphorus","Total","mg/l as P",5.3
"USGS-02086849",1986-11-24,"Routine sample","Temperature, water",NA,"deg C",12.5
"USGS-02086849",1987-01-08,"Routine sample","Nitrate","Total","mg/l as N",0.73
"USGS-02086849",1987-01-08,"Routine sample","Nitrogen, mixed forms (NH3), (NH4), organic, (NO2) and (NO3)","Total","mg/l",9.9
"USGS-02086849",1987-01-08,"Routine sample","Phosphorus","Total","mg/l as P",4
"USGS-02086849",1987-01-08,"Routine sample","Temperature, water",NA,"deg C",8
"USGS-02086849",1987-02-24,"Routine sample","Nitrate","Total","mg/l as N",0.27
"USGS-02086849",1987-02-24,"Routine sample","Nitrogen, mixed forms (NH3), (NH4), organic, (NO2) and (NO3)","Total","mg/l",4.7
"USGS-02086849",1987-02-24,"Routine sample","Phosphorus","Total","mg/l as P",0.21
"USGS-02086849",1987-02-24,"Routine sample","Temperature, water",NA,"deg C",3
"USGS-02086849",1987-03-25,"Routine sample","Nitrate","Total","mg/l as N",0.26
"USGS-02086849",1987-03-25,"Routine sample","Nitrogen, mixed forms (NH3), (NH4), organic, (NO2) and (NO3)","Total","mg/l",16
"USGS-02086849",1987-03-25,"Routine sample","Phosphorus","Total","mg/l as P",3.4
"USGS-02086849",1987-03-25,"Routine sample","Temperature, water",NA,"deg C",12
"USGS-02086849",1987-04-16,"Routine sample","Nitrate","Total","mg/l as N",0.26
"USGS-02086849",1987-04-16,"Routine sample","Nitrogen, mixed forms (NH3), (NH4), organic, (NO2) and (NO3)","Total","mg/l",1.1
"USGS-02086849",1987-04-16,"Routine sample","Phosphorus","Total","mg/l as P",0.27
"USGS-02086849",1987-04-16,"Routine sample","Temperature, water",NA,"deg C",14
"USGS-02086849",1987-05-18,"Routine sample","Nitrate","Total","mg/l as N",0.25
"USGS-02086849",1987-05-18,"Routine sample","Nitrogen, mixed forms (NH3), (NH4), organic, (NO2) and (NO3)","Total","mg/l",23
"USGS-02086849",1987-05-18,"Routine sample","Phosphorus","Total","mg/l as P",5.4
"USGS-02086849",1987-05-18,"Routine sample","Temperature, water",NA,"deg C",21
"USGS-02086849",1988-12-21,"Routine sample","Temperature, water",NA,"deg C",9
"USGS-02086849",1989-04-06,"Routine sample","Temperature, water",NA,"deg C",13.3
"USGS-02086849",1989-09-19,"Routine sample","Temperature, water",NA,"deg C",22.5
"USGS-02086849",1989-10-26,"Routine sample","Temperature, water",NA,"deg C",15
"USGS-02086849",1990-04-20,"Routine sample","Temperature, water",NA,"deg C",15
"USGS-02086849",1990-08-28,"Routine sample","Temperature, water",NA,"deg C",27
"USGS-02086849",1990-10-22,"Routine sample","Temperature, water",NA,"deg C",18
"USGS-02086849",1991-04-22,"Routine sample","Temperature, water",NA,"deg C",14.5
"USGS-02086849",1992-04-21,"Storm","Nitrate","Dissolved","mg/l as N",9.24
"USGS-02086849",1992-04-21,"Storm","Nitrate","Total","mg/l as N",9.24
"USGS-02086849",1992-04-21,"Storm","Nitrogen, mixed forms (NH3), (NH4), organic, (NO2) and (NO3)","Dissolved","mg/l",10
"USGS-02086849",1992-04-21,"Storm","Nitrogen, mixed forms (NH3), (NH4), organic, (NO2) and (NO3)","Total","mg/l",11
"USGS-02086849",1992-04-21,"Storm","Phosphorus","Dissolved","mg/l as P",0.6
"USGS-02086849",1992-04-21,"Storm","Phosphorus","Total","mg/l as P",0.79
"USGS-02086849",1992-04-21,"Storm","Temperature, water",NA,"deg C",21
"USGS-02086849",1992-08-11,"Routine sample","Temperature, water",NA,"deg C",23
"USGS-02086849",1992-11-18,"Routine sample","Temperature, water",NA,"deg C",12
"USGS-02086849",1993-04-28,"Routine sample","Temperature, water",NA,"deg C",16
"USGS-02086849",1993-05-20,"Routine sample","Nitrate","Dissolved","mg/l as N",2.87
"USGS-02086849",1993-05-20,"Routine sample","Nitrogen, mixed forms (NH3), (NH4), organic, (NO2) and (NO3)","Dissolved","mg/l",3.6
"USGS-02086849",1993-05-20,"Routine sample","Nitrogen, mixed forms (NH3), (NH4), organic, (NO2) and (NO3)","Total","mg/l",3.6
"USGS-02086849",1993-05-20,"Routine sample","Phosphorus","Dissolved","mg/l as P",0.06
"USGS-02086849",1993-05-20,"Routine sample","Phosphorus","Total","mg/l as P",0.11
"USGS-02086849",1993-05-20,"Routine sample","Temperature, water",NA,"deg C",19
"USGS-02086849",1993-05-26,"Storm","Temperature, water",NA,"deg C",21
"USGS-02086849",1993-08-12,"Routine sample","Temperature, water",NA,"deg C",25
"USGS-02086849",1993-10-19,"Routine sample","Temperature, water",NA,"deg C",21
"USGS-02086849",1994-03-29,"Storm","Temperature, water",NA,"deg C",12.5
"USGS-02086849",1994-04-18,"Routine sample","Temperature, water",NA,"deg C",19
"USGS-02086849",1994-08-23,"Routine sample","Temperature, water",NA,"deg C",24
"USGS-02086849",1994-10-25,"Routine sample","Temperature, water",NA,"deg C",17
"USGS-02086849",1995-04-24,"Routine sample","Temperature, water",NA,"deg C",15.2
"USGS-02086849",2006-01-18,"Storm","Nitrate","Dissolved","mg/l as N",0.676
"USGS-02086849",2006-01-18,"Storm","Nitrogen, mixed forms (NH3), (NH4), organic, (NO2) and (NO3)","Total","mg/l",2.8
"USGS-02086849",2006-01-18,"Storm","Phosphorus","Total","mg/l as P",0.5
"USGS-02086849",2006-01-18,"Storm","Temperature, water",NA,"deg C",11.8
"USGS-02086849",2006-06-14,"Storm","Nitrate","Dissolved","mg/l as N",0.282
"USGS-02086849",2006-06-14,"Storm","Nitrogen, mixed forms (NH3), (NH4), organic, (NO2) and (NO3)","Total","mg/l",1.9
"USGS-02086849",2006-06-14,"Storm","Phosphorus","Total","mg/l as P",0.36
"USGS-02086849",2006-06-14,"Storm","Temperature, water",NA,"deg C",20.7
"USGS-02086849",2007-03-02,"Storm","Nitrate","Dissolved","mg/l as N",0.523
"USGS-02086849",2007-03-02,"Storm","Nitrogen, mixed forms (NH3), (NH4), organic, (NO2) and (NO3)","Total","mg/l",2.2
"USGS-02086849",2007-03-02,"Storm","Phosphorus","Total","mg/l as P",0.4
"USGS-02086849",2007-03-02,"Storm","Temperature, water",NA,"deg C",13.3
"USGS-02086849",2008-09-06,"Storm","Nitrate","Dissolved","mg/l as N",0.313
"USGS-02086849",2008-09-06,"Storm","Nitrogen, mixed forms (NH3), (NH4), organic, (NO2) and (NO3)","Total","mg/l",1.5
"USGS-02086849",2008-09-06,"Storm","Phosphorus","Total","mg/l as P",0.22
"USGS-02086849",2008-09-06,"Storm","Temperature, water",NA,"deg C",22.6
"USGS-02086849",2008-09-26,"Storm","Nitrate","Dissolved","mg/l as N",0.458
"USGS-02086849",2008-09-26,"Storm","Nitrogen, mixed forms (NH3), (NH4), organic, (NO2) and (NO3)","Total","mg/l",1.7
"USGS-02086849",2008-09-26,"Storm","Phosphorus","Total","mg/l as P",0.364
"USGS-02086849",2008-09-26,"Storm","Temperature, water",NA,"deg C",17.9
"USGS-02086849",2009-01-06,"Storm","Nitrate","Dissolved","mg/l as N",0.489
"USGS-02086849",2009-01-06,"Storm","Nitrogen, mixed forms (NH3), (NH4), organic, (NO2) and (NO3)","Total","mg/l",1.8
"USGS-02086849",2009-01-06,"Storm","Phosphorus","Total","mg/l as P",0.36
"USGS-02086849",2009-01-06,"Storm","Temperature, water",NA,"deg C",10.8
"USGS-02086849",2009-05-19,"Routine sample","Temperature, water",NA,"deg C",17.1
"USGS-02086849",2009-11-11,"Storm","Nitrate","Dissolved","mg/l as N",0.379
"USGS-02086849",2009-11-11,"Storm","Nitrogen, mixed forms (NH3), (NH4), organic, (NO2) and (NO3)","Total","mg/l",1.7
"USGS-02086849",2009-11-11,"Storm","Phosphorus","Total","mg/l as P",0.41
"USGS-02086849",2009-11-11,"Storm","Temperature, water",NA,"deg C",13.7
"USGS-02086849",2010-09-27,"Storm","Nitrate","Dissolved","mg/l as N",0.375
"USGS-02086849",2010-09-27,"Storm","Nitrogen, mixed forms (NH3), (NH4), organic, (NO2) and (NO3)","Total","mg/l",1.4
"USGS-02086849",2010-09-27,"Storm","Phosphorus","Total","mg/l as P",0.314
"USGS-02086849",2011-05-14,"Storm","Nitrate","Dissolved","mg/l as N",1.43
"USGS-02086849",2011-05-14,"Storm","Nitrogen, mixed forms (NH3), (NH4), organic, (NO2) and (NO3)","Total","mg/l",3.8
"USGS-02086849",2011-05-14,"Storm","Phosphorus","Total","mg/l as P",0.582
"USGS-02086849",2011-07-08,"Storm","Nitrate","Dissolved","mg/l as N",1.3
"USGS-02086849",2011-07-08,"Storm","Nitrogen, mixed forms (NH3), (NH4), organic, (NO2) and (NO3)","Total","mg/l",3.5
"USGS-02086849",2011-07-08,"Storm","Phosphorus","Total","mg/l as P",0.654
"USGS-02086849",2014-04-08,"Routine sample","Nitrate","Dissolved","mg/l as N",1.42
"USGS-02086849",2014-04-08,"Routine sample","Nitrogen, mixed forms (NH3), (NH4), organic, (NO2) and (NO3)","Total","mg/l",2.32
"USGS-02086849",2014-04-08,"Routine sample","Phosphorus","Total","mg/l as P",0.195
"USGS-02086849",2014-04-08,"Routine sample","Temperature, water",NA,"deg C",14.2
"USGS-02086849",2014-04-15,"Routine sample","Nitrate","Dissolved","mg/l as N",0.338
"USGS-02086849",2014-04-15,"Routine sample","Nitrogen, mixed forms (NH3), (NH4), organic, (NO2) and (NO3)","Total","mg/l",2.84
"USGS-02086849",2014-04-15,"Routine sample","Phosphorus","Total","mg/l as P",0.761
"USGS-02086849",2014-04-15,"Routine sample","Temperature, water",NA,"deg C",18.4
"USGS-02086849",2014-04-23,"Routine sample","Nitrate","Dissolved","mg/l as N",3.55
"USGS-02086849",2014-04-23,"Routine sample","Nitrogen, mixed forms (NH3), (NH4), organic, (NO2) and (NO3)","Total","mg/l",4.57
"USGS-02086849",2014-04-23,"Routine sample","Phosphorus","Total","mg/l as P",0.075
"USGS-02086849",2014-04-23,"Routine sample","Temperature, water",NA,"deg C",16.6
"USGS-02086849",2014-04-29,"Routine sample","Nitrate","Dissolved","mg/l as N",2.78
"USGS-02086849",2014-04-29,"Routine sample","Nitrogen, mixed forms (NH3), (NH4), organic, (NO2) and (NO3)","Total","mg/l",3.42
"USGS-02086849",2014-04-29,"Routine sample","Phosphorus","Total","mg/l as P",0.079
"USGS-02086849",2014-04-29,"Routine sample","Temperature, water",NA,"deg C",16.3
"USGS-02086849",2014-05-06,"Routine sample","Nitrate","Dissolved","mg/l as N",2.82
"USGS-02086849",2014-05-06,"Routine sample","Nitrogen, mixed forms (NH3), (NH4), organic, (NO2) and (NO3)","Total","mg/l",3.71
"USGS-02086849",2014-05-06,"Routine sample","Phosphorus","Total","mg/l as P",0.107
"USGS-02086849",2014-05-06,"Routine sample","Temperature, water",NA,"deg C",21.3
"USGS-02086849",2014-05-12,"Routine sample","Nitrate","Dissolved","mg/l as N",2.57
"USGS-02086849",2014-05-12,"Routine sample","Nitrogen, mixed forms (NH3), (NH4), organic, (NO2) and (NO3)","Total","mg/l",3.3
"USGS-02086849",2014-05-12,"Routine sample","Phosphorus","Total","mg/l as P",0.124
"USGS-02086849",2014-05-12,"Routine sample","Temperature, water",NA,"deg C",25.4
"USGS-02086849",2014-05-20,"Routine sample","Nitrate","Dissolved","mg/l as N",1.08
"USGS-02086849",2014-05-20,"Routine sample","Nitrogen, mixed forms (NH3), (NH4), organic, (NO2) and (NO3)","Total","mg/l",1.78
"USGS-02086849",2014-05-20,"Routine sample","Phosphorus","Total","mg/l as P",0.109
"USGS-02086849",2014-05-20,"Routine sample","Temperature, water",NA,"deg C",19.7
"USGS-02086849",2014-05-29,"Routine sample","Nitrate","Dissolved","mg/l as N",3.24
"USGS-02086849",2014-05-29,"Routine sample","Nitrogen, mixed forms (NH3), (NH4), organic, (NO2) and (NO3)","Total","mg/l",4.29
"USGS-02086849",2014-05-29,"Routine sample","Phosphorus","Total","mg/l as P",0.081
"USGS-02086849",2014-05-29,"Routine sample","Temperature, water",NA,"deg C",21.8
"USGS-02086849",2014-06-03,"Routine sample","Nitrate","Dissolved","mg/l as N",1.47
"USGS-02086849",2014-06-03,"Routine sample","Nitrogen, mixed forms (NH3), (NH4), organic, (NO2) and (NO3)","Total","mg/l",2.26
"USGS-02086849",2014-06-03,"Routine sample","Phosphorus","Total","mg/l as P",0.08
"USGS-02086849",2014-06-03,"Routine sample","Temperature, water",NA,"deg C",19.6
"USGS-02086849",2014-06-10,"Routine sample","Nitrate","Dissolved","mg/l as N",2.31
"USGS-02086849",2014-06-10,"Routine sample","Nitrogen, mixed forms (NH3), (NH4), organic, (NO2) and (NO3)","Total","mg/l",3.13
"USGS-02086849",2014-06-10,"Routine sample","Phosphorus","Total","mg/l as P",0.132
"USGS-02086849",2014-06-10,"Routine sample","Temperature, water",NA,"deg C",23.1
"USGS-02086849",2018-03-27,"Routine sample","Nitrate","Dissolved","mg/l as N",2.17
"USGS-02086849",2018-03-27,"Routine sample","Nitrogen, mixed forms (NH3), (NH4), organic, (NO2) and (NO3)","Dissolved","mg/l",2.75
"USGS-02086849",2018-03-27,"Routine sample","Temperature, water",NA,"deg C",10.4
"USGS-360211078513701",2016-07-12,"Routine sample","Nitrate","Dissolved","mg/l as N",0.266
"USGS-360211078513701",2016-07-12,"Routine sample","Nitrogen, mixed forms (NH3), (NH4), organic, (NO2) and (NO3)","Total","mg/l",0.88
"USGS-360211078513701",2016-07-12,"Routine sample","Phosphorus","Total","mg/l as P",0.11
"USGS-360211078513701",2016-07-12,"Routine sample","Temperature, water",NA,"deg C",25.5
"USGS-360211078513701",2018-03-27,"Routine sample","Nitrate","Dissolved","mg/l as N",0.407
"USGS-360211078513701",2018-03-27,"Routine sample","Nitrogen, mixed forms (NH3), (NH4), organic, (NO2) and (NO3)","Dissolved","mg/l",0.94
"USGS-360211078513701",2018-03-27,"Routine sample","Temperature, water",NA,"deg C",7
"USGS-360226078512801",2016-07-12,"Routine sample","Nitrate","Dissolved","mg/l as N",0.157
"USGS-360226078512801",2016-07-12,"Routine sample","Nitrogen, mixed forms (NH3), (NH4), organic, (NO2) and (NO3)","Total","mg/l",0.78
"USGS-360226078512801",2016-07-12,"Routine sample","Phosphorus","Total","mg/l as P",0.088
"USGS-360226078512801",2016-07-12,"Routine sample","Temperature, water",NA,"deg C",25.7
